,epoch,learning_rate,loss,step,eval_loss,eval_runtime,eval_samples_per_second,eval_steps_per_second,train_runtime,train_samples_per_second,train_steps_per_second,total_flos,train_loss
0,0.0,2.9999999999999997e-06,1.4392,1,,,,,,,,,
1,0.0,5.999999999999999e-06,1.5288,2,,,,,,,,,
2,0.01,8.999999999999999e-06,1.4252,3,,,,,,,,,
3,0.01,1.1999999999999999e-05,1.4981,4,,,,,,,,,
4,0.01,1.4999999999999999e-05,1.4429,5,,,,,,,,,
5,0.01,1.7999999999999997e-05,1.4869,6,,,,,,,,,
6,0.01,2.1e-05,1.4861,7,,,,,,,,,
7,0.02,2.3999999999999997e-05,1.4905,8,,,,,,,,,
8,0.02,2.6999999999999996e-05,1.4141,9,,,,,,,,,
9,0.02,2.9999999999999997e-05,1.4919,10,,,,,,,,,
10,0.02,3.2999999999999996e-05,1.4117,11,,,,,,,,,
11,0.02,3.5999999999999994e-05,1.4365,12,,,,,,,,,
12,0.03,3.9e-05,1.4275,13,,,,,,,,,
13,0.03,4.2e-05,1.4309,14,,,,,,,,,
14,0.03,4.4999999999999996e-05,1.4082,15,,,,,,,,,
15,0.03,4.7999999999999994e-05,1.4119,16,,,,,,,,,
16,0.03,5.1e-05,1.3752,17,,,,,,,,,
17,0.04,5.399999999999999e-05,1.3951,18,,,,,,,,,
18,0.04,5.6999999999999996e-05,1.3796,19,,,,,,,,,
19,0.04,5.9999999999999995e-05,1.3574,20,,,,,,,,,
20,0.04,6.299999999999999e-05,1.3292,21,,,,,,,,,
21,0.04,6.599999999999999e-05,1.3323,22,,,,,,,,,
22,0.04,6.9e-05,1.3205,23,,,,,,,,,
23,0.05,7.199999999999999e-05,1.3037,24,,,,,,,,,
24,0.05,7.5e-05,1.2876,25,,,,,,,,,
25,0.05,7.8e-05,1.2621,26,,,,,,,,,
26,0.05,8.1e-05,1.2301,27,,,,,,,,,
27,0.05,8.4e-05,1.2742,28,,,,,,,,,
28,0.06,8.699999999999999e-05,1.1698,29,,,,,,,,,
29,0.06,8.999999999999999e-05,1.1466,30,,,,,,,,,
30,0.06,9.3e-05,1.1935,31,,,,,,,,,
31,0.06,9.599999999999999e-05,1.1785,32,,,,,,,,,
32,0.06,9.9e-05,1.1295,33,,,,,,,,,
33,0.07,0.000102,1.1389,34,,,,,,,,,
34,0.07,0.00010499999999999999,1.1113,35,,,,,,,,,
35,0.07,0.00010799999999999998,1.0709,36,,,,,,,,,
36,0.07,0.00011099999999999999,1.1311,37,,,,,,,,,
37,0.07,0.00011399999999999999,1.0889,38,,,,,,,,,
38,0.08,0.000117,1.0785,39,,,,,,,,,
39,0.08,0.00011999999999999999,1.0568,40,,,,,,,,,
40,0.08,0.00012299999999999998,1.0683,41,,,,,,,,,
41,0.08,0.00012599999999999997,1.0336,42,,,,,,,,,
42,0.08,0.000129,1.0517,43,,,,,,,,,
43,0.09,0.00013199999999999998,1.0655,44,,,,,,,,,
44,0.09,0.000135,1.048,45,,,,,,,,,
45,0.09,0.000138,1.0555,46,,,,,,,,,
46,0.09,0.00014099999999999998,1.0274,47,,,,,,,,,
47,0.09,0.00014399999999999998,1.0252,48,,,,,,,,,
48,0.1,0.000147,0.989,49,,,,,,,,,
49,0.1,0.00015,1.0249,50,,,,,,,,,
50,0.1,0.00015299999999999998,0.9926,51,,,,,,,,,
51,0.1,0.000156,1.0091,52,,,,,,,,,
52,0.1,0.000159,0.9947,53,,,,,,,,,
53,0.11,0.000162,0.98,54,,,,,,,,,
54,0.11,0.000165,1.0182,55,,,,,,,,,
55,0.11,0.000168,0.9598,56,,,,,,,,,
56,0.11,0.00017099999999999998,1.0224,57,,,,,,,,,
57,0.11,0.00017399999999999997,0.9641,58,,,,,,,,,
58,0.11,0.00017699999999999997,0.9868,59,,,,,,,,,
59,0.12,0.00017999999999999998,0.9987,60,,,,,,,,,
60,0.12,0.00018299999999999998,0.9608,61,,,,,,,,,
61,0.12,0.000186,0.9606,62,,,,,,,,,
62,0.12,0.00018899999999999999,0.9927,63,,,,,,,,,
63,0.12,0.00019199999999999998,0.9902,64,,,,,,,,,
64,0.13,0.000195,0.9757,65,,,,,,,,,
65,0.13,0.000198,0.9696,66,,,,,,,,,
66,0.13,0.000201,0.935,67,,,,,,,,,
67,0.13,0.000204,1.0158,68,,,,,,,,,
68,0.13,0.00020699999999999996,0.9571,69,,,,,,,,,
69,0.14,0.00020999999999999998,0.9821,70,,,,,,,,,
70,0.14,0.00021299999999999997,0.9266,71,,,,,,,,,
71,0.14,0.00021599999999999996,0.956,72,,,,,,,,,
72,0.14,0.00021899999999999998,0.9363,73,,,,,,,,,
73,0.14,0.00022199999999999998,0.9057,74,,,,,,,,,
74,0.15,0.000225,0.9438,75,,,,,,,,,
75,0.15,0.00022799999999999999,0.9472,76,,,,,,,,,
76,0.15,0.00023099999999999998,0.9464,77,,,,,,,,,
77,0.15,0.000234,0.9186,78,,,,,,,,,
78,0.15,0.000237,0.9522,79,,,,,,,,,
79,0.16,0.00023999999999999998,0.9197,80,,,,,,,,,
80,0.16,0.000243,0.9524,81,,,,,,,,,
81,0.16,0.00024599999999999996,0.9502,82,,,,,,,,,
82,0.16,0.000249,0.9379,83,,,,,,,,,
83,0.16,0.00025199999999999995,0.9507,84,,,,,,,,,
84,0.17,0.00025499999999999996,0.9768,85,,,,,,,,,
85,0.17,0.000258,0.9319,86,,,,,,,,,
86,0.17,0.000261,0.9206,87,,,,,,,,,
87,0.17,0.00026399999999999997,0.9438,88,,,,,,,,,
88,0.17,0.000267,0.9277,89,,,,,,,,,
89,0.18,0.00027,0.9513,90,,,,,,,,,
90,0.18,0.00027299999999999997,0.9536,91,,,,,,,,,
91,0.18,0.000276,0.9473,92,,,,,,,,,
92,0.18,0.000279,0.9169,93,,,,,,,,,
93,0.18,0.00028199999999999997,0.9215,94,,,,,,,,,
94,0.18,0.000285,0.9655,95,,,,,,,,,
95,0.19,0.00028799999999999995,0.9751,96,,,,,,,,,
96,0.19,0.00029099999999999997,0.9503,97,,,,,,,,,
97,0.19,0.000294,0.9461,98,,,,,,,,,
98,0.19,0.00029699999999999996,0.9048,99,,,,,,,,,
99,0.19,0.0003,0.8886,100,,,,,,,,,
100,0.19,,,100,0.9252134561538696,1321.4713,5.529,1.383,,,,,
101,0.2,0.0002997915218902015,0.9558,101,,,,,,,,,
102,0.2,0.00029958304378040304,0.954,102,,,,,,,,,
103,0.2,0.0002993745656706046,0.8991,103,,,,,,,,,
104,0.2,0.00029916608756080606,0.8894,104,,,,,,,,,
105,0.2,0.00029895760945100765,0.9171,105,,,,,,,,,
106,0.21,0.00029874913134120913,0.9096,106,,,,,,,,,
107,0.21,0.00029854065323141067,0.8737,107,,,,,,,,,
108,0.21,0.0002983321751216122,0.9153,108,,,,,,,,,
109,0.21,0.00029812369701181374,0.9522,109,,,,,,,,,
110,0.21,0.00029791521890201527,0.8974,110,,,,,,,,,
111,0.22,0.0002977067407922168,0.9395,111,,,,,,,,,
112,0.22,0.00029749826268241834,0.9422,112,,,,,,,,,
113,0.22,0.0002972897845726198,0.9088,113,,,,,,,,,
114,0.22,0.0002970813064628214,0.9905,114,,,,,,,,,
115,0.22,0.0002968728283530229,0.9048,115,,,,,,,,,
116,0.23,0.00029666435024322443,0.9167,116,,,,,,,,,
117,0.23,0.00029645587213342596,0.867,117,,,,,,,,,
118,0.23,0.0002962473940236275,0.8784,118,,,,,,,,,
119,0.23,0.00029603891591382903,0.8692,119,,,,,,,,,
120,0.23,0.00029583043780403057,0.9537,120,,,,,,,,,
121,0.24,0.0002956219596942321,0.9357,121,,,,,,,,,
122,0.24,0.0002954134815844336,0.857,122,,,,,,,,,
123,0.24,0.0002952050034746352,0.8957,123,,,,,,,,,
124,0.24,0.00029499652536483666,0.9484,124,,,,,,,,,
125,0.24,0.0002947880472550382,0.8893,125,,,,,,,,,
126,0.25,0.0002945795691452397,0.9152,126,,,,,,,,,
127,0.25,0.00029437109103544126,0.8987,127,,,,,,,,,
128,0.25,0.0002941626129256428,0.9257,128,,,,,,,,,
129,0.25,0.00029395413481584433,0.9026,129,,,,,,,,,
130,0.25,0.00029374565670604587,0.9139,130,,,,,,,,,
131,0.26,0.00029353717859624735,0.9379,131,,,,,,,,,
132,0.26,0.0002933287004864489,0.8835,132,,,,,,,,,
133,0.26,0.0002931202223766504,0.8733,133,,,,,,,,,
134,0.26,0.00029291174426685195,0.8608,134,,,,,,,,,
135,0.26,0.0002927032661570535,0.9438,135,,,,,,,,,
136,0.26,0.000292494788047255,0.9019,136,,,,,,,,,
137,0.27,0.0002922863099374565,0.9284,137,,,,,,,,,
138,0.27,0.0002920778318276581,0.8546,138,,,,,,,,,
139,0.27,0.0002918693537178596,0.9166,139,,,,,,,,,
140,0.27,0.0002916608756080611,0.912,140,,,,,,,,,
141,0.27,0.00029145239749826265,0.9029,141,,,,,,,,,
142,0.28,0.0002912439193884642,0.9727,142,,,,,,,,,
143,0.28,0.0002910354412786657,0.8792,143,,,,,,,,,
144,0.28,0.00029082696316886725,0.8902,144,,,,,,,,,
145,0.28,0.0002906184850590688,0.9353,145,,,,,,,,,
146,0.28,0.00029041000694927027,0.9182,146,,,,,,,,,
147,0.29,0.00029020152883947186,0.9144,147,,,,,,,,,
148,0.29,0.00028999305072967334,0.9133,148,,,,,,,,,
149,0.29,0.00028978457261987487,0.8299,149,,,,,,,,,
150,0.29,0.0002895760945100764,0.8592,150,,,,,,,,,
151,0.29,0.00028936761640027794,0.8991,151,,,,,,,,,
152,0.3,0.0002891591382904795,0.8649,152,,,,,,,,,
153,0.3,0.000288950660180681,0.9369,153,,,,,,,,,
154,0.3,0.00028874218207088255,0.9145,154,,,,,,,,,
155,0.3,0.00028853370396108403,0.8712,155,,,,,,,,,
156,0.3,0.0002883252258512856,0.856,156,,,,,,,,,
157,0.31,0.0002881167477414871,0.9094,157,,,,,,,,,
158,0.31,0.00028790826963168864,0.8989,158,,,,,,,,,
159,0.31,0.00028769979152189017,0.8723,159,,,,,,,,,
160,0.31,0.0002874913134120917,0.95,160,,,,,,,,,
161,0.31,0.00028728283530229324,0.8896,161,,,,,,,,,
162,0.32,0.0002870743571924948,0.9067,162,,,,,,,,,
163,0.32,0.0002868658790826963,0.8635,163,,,,,,,,,
164,0.32,0.0002866574009728978,0.8967,164,,,,,,,,,
165,0.32,0.0002864489228630994,0.8869,165,,,,,,,,,
166,0.32,0.00028624044475330086,0.8796,166,,,,,,,,,
167,0.33,0.0002860319666435024,0.8826,167,,,,,,,,,
168,0.33,0.00028582348853370393,0.9184,168,,,,,,,,,
169,0.33,0.00028561501042390547,0.8585,169,,,,,,,,,
170,0.33,0.000285406532314107,0.9474,170,,,,,,,,,
171,0.33,0.00028519805420430854,0.885,171,,,,,,,,,
172,0.33,0.0002849895760945101,0.8943,172,,,,,,,,,
173,0.34,0.00028478109798471155,0.8938,173,,,,,,,,,
174,0.34,0.00028457261987491314,0.8493,174,,,,,,,,,
175,0.34,0.0002843641417651146,0.8658,175,,,,,,,,,
176,0.34,0.00028415566365531616,0.8714,176,,,,,,,,,
177,0.34,0.0002839471855455177,0.9316,177,,,,,,,,,
178,0.35,0.00028373870743571923,0.9019,178,,,,,,,,,
179,0.35,0.00028353022932592077,0.8777,179,,,,,,,,,
180,0.35,0.0002833217512161223,0.8931,180,,,,,,,,,
181,0.35,0.00028311327310632384,0.8688,181,,,,,,,,,
182,0.35,0.0002829047949965253,0.8599,182,,,,,,,,,
183,0.36,0.0002826963168867269,0.9081,183,,,,,,,,,
184,0.36,0.0002824878387769284,0.8507,184,,,,,,,,,
185,0.36,0.0002822793606671299,0.8764,185,,,,,,,,,
186,0.36,0.00028207088255733146,0.9141,186,,,,,,,,,
187,0.36,0.000281862404447533,0.842,187,,,,,,,,,
188,0.37,0.00028165392633773453,0.9032,188,,,,,,,,,
189,0.37,0.00028144544822793606,0.8977,189,,,,,,,,,
190,0.37,0.0002812369701181376,0.9071,190,,,,,,,,,
191,0.37,0.0002810284920083391,0.8775,191,,,,,,,,,
192,0.37,0.0002808200138985406,0.946,192,,,,,,,,,
193,0.38,0.00028061153578874215,0.9118,193,,,,,,,,,
194,0.38,0.0002804030576789437,0.8874,194,,,,,,,,,
195,0.38,0.0002801945795691452,0.8586,195,,,,,,,,,
196,0.38,0.00027998610145934676,0.8753,196,,,,,,,,,
197,0.38,0.00027977762334954824,0.8779,197,,,,,,,,,
198,0.39,0.0002795691452397498,0.8766,198,,,,,,,,,
199,0.39,0.0002793606671299513,0.7809,199,,,,,,,,,
200,0.39,0.00027915218902015284,0.8608,200,,,,,,,,,
201,0.39,,,200,0.8775114417076111,1066.8882,6.848,1.712,,,,,
202,0.39,0.0002789437109103544,0.8869,201,,,,,,,,,
203,0.39,0.0002787352328005559,0.8519,202,,,,,,,,,
204,0.4,0.00027852675469075745,0.8914,203,,,,,,,,,
205,0.4,0.000278318276580959,0.9021,204,,,,,,,,,
206,0.4,0.0002781097984711605,0.8252,205,,,,,,,,,
207,0.4,0.000277901320361362,0.9066,206,,,,,,,,,
208,0.4,0.0002776928422515636,0.9222,207,,,,,,,,,
209,0.4,0.00027748436414176507,0.8671,208,,,,,,,,,
210,0.41,0.0002772758860319666,0.9121,209,,,,,,,,,
211,0.41,0.00027706740792216814,0.9083,210,,,,,,,,,
212,0.41,0.0002768589298123697,0.8454,211,,,,,,,,,
213,0.41,0.0002766504517025712,0.8104,212,,,,,,,,,
214,0.41,0.00027644197359277275,0.8319,213,,,,,,,,,
215,0.42,0.0002762334954829743,0.8801,214,,,,,,,,,
216,0.42,0.00027602501737317576,0.8386,215,,,,,,,,,
217,0.42,0.00027581653926337735,0.8954,216,,,,,,,,,
218,0.42,0.00027560806115357883,0.8577,217,,,,,,,,,
219,0.42,0.00027539958304378037,0.8482,218,,,,,,,,,
220,0.43,0.0002751911049339819,0.8552,219,,,,,,,,,
221,0.43,0.00027498262682418344,0.8874,220,,,,,,,,,
222,0.43,0.00027477414871438497,0.8771,221,,,,,,,,,
223,0.43,0.0002745656706045865,0.8707,222,,,,,,,,,
224,0.43,0.00027435719249478804,0.8664,223,,,,,,,,,
225,0.44,0.0002741487143849895,0.8711,224,,,,,,,,,
226,0.44,0.0002739402362751911,0.8696,225,,,,,,,,,
227,0.44,0.0002737317581653926,0.8941,226,,,,,,,,,
228,0.44,0.00027352328005559413,0.9151,227,,,,,,,,,
229,0.44,0.00027331480194579566,0.8966,228,,,,,,,,,
230,0.45,0.0002731063238359972,0.8595,229,,,,,,,,,
231,0.45,0.00027289784572619873,0.8671,230,,,,,,,,,
232,0.45,0.00027268936761640027,0.8192,231,,,,,,,,,
233,0.45,0.0002724808895066018,0.8761,232,,,,,,,,,
234,0.45,0.0002722724113968033,0.8481,233,,,,,,,,,
235,0.46,0.0002720639332870049,0.8797,234,,,,,,,,,
236,0.46,0.00027185545517720636,0.8011,235,,,,,,,,,
237,0.46,0.0002716469770674079,0.8697,236,,,,,,,,,
238,0.46,0.0002714384989576094,0.8671,237,,,,,,,,,
239,0.46,0.00027123002084781096,0.8753,238,,,,,,,,,
240,0.47,0.0002710215427380125,0.8473,239,,,,,,,,,
241,0.47,0.00027081306462821403,0.8585,240,,,,,,,,,
242,0.47,0.00027060458651841557,0.8438,241,,,,,,,,,
243,0.47,0.00027039610840861705,0.8698,242,,,,,,,,,
244,0.47,0.00027018763029881864,0.9155,243,,,,,,,,,
245,0.47,0.0002699791521890201,0.8645,244,,,,,,,,,
246,0.48,0.00026977067407922165,0.8434,245,,,,,,,,,
247,0.48,0.0002695621959694232,0.8722,246,,,,,,,,,
248,0.48,0.0002693537178596247,0.7884,247,,,,,,,,,
249,0.48,0.00026914523974982626,0.8765,248,,,,,,,,,
250,0.48,0.0002689367616400278,0.9155,249,,,,,,,,,
251,0.49,0.00026872828353022933,0.8837,250,,,,,,,,,
252,0.49,0.0002685198054204308,0.862,251,,,,,,,,,
253,0.49,0.0002683113273106324,0.832,252,,,,,,,,,
254,0.49,0.0002681028492008339,0.8834,253,,,,,,,,,
255,0.49,0.0002678943710910354,0.8472,254,,,,,,,,,
256,0.5,0.00026768589298123695,0.8537,255,,,,,,,,,
257,0.5,0.0002674774148714385,0.8666,256,,,,,,,,,
258,0.5,0.00026726893676164,0.8741,257,,,,,,,,,
259,0.5,0.00026706045865184156,0.8973,258,,,,,,,,,
260,0.5,0.00026685198054204304,0.8519,259,,,,,,,,,
261,0.51,0.0002666435024322446,0.8475,260,,,,,,,,,
262,0.51,0.0002664350243224461,0.8336,261,,,,,,,,,
263,0.51,0.00026622654621264764,0.8783,262,,,,,,,,,
264,0.51,0.0002660180681028492,0.8379,263,,,,,,,,,
265,0.51,0.0002658095899930507,0.8476,264,,,,,,,,,
266,0.52,0.00026560111188325225,0.8163,265,,,,,,,,,
267,0.52,0.00026539263377345373,0.8538,266,,,,,,,,,
268,0.52,0.0002651841556636553,0.8403,267,,,,,,,,,
269,0.52,0.0002649756775538568,0.8185,268,,,,,,,,,
270,0.52,0.00026476719944405834,0.8585,269,,,,,,,,,
271,0.53,0.00026455872133425987,0.8468,270,,,,,,,,,
272,0.53,0.0002643502432244614,0.8423,271,,,,,,,,,
273,0.53,0.00026414176511466294,0.9035,272,,,,,,,,,
274,0.53,0.0002639332870048645,0.8856,273,,,,,,,,,
275,0.53,0.000263724808895066,0.8201,274,,,,,,,,,
276,0.54,0.0002635163307852675,0.8747,275,,,,,,,,,
277,0.54,0.0002633078526754691,0.8793,276,,,,,,,,,
278,0.54,0.00026309937456567056,0.863,277,,,,,,,,,
279,0.54,0.0002628908964558721,0.8447,278,,,,,,,,,
280,0.54,0.00026268241834607363,0.8767,279,,,,,,,,,
281,0.55,0.00026247394023627517,0.8376,280,,,,,,,,,
282,0.55,0.0002622654621264767,0.877,281,,,,,,,,,
283,0.55,0.00026205698401667824,0.8637,282,,,,,,,,,
284,0.55,0.0002618485059068798,0.813,283,,,,,,,,,
285,0.55,0.00026164002779708126,0.8598,284,,,,,,,,,
286,0.55,0.00026143154968728284,0.846,285,,,,,,,,,
287,0.56,0.0002612230715774843,0.8545,286,,,,,,,,,
288,0.56,0.00026101459346768586,0.8684,287,,,,,,,,,
289,0.56,0.0002608061153578874,0.8871,288,,,,,,,,,
290,0.56,0.00026059763724808893,0.8454,289,,,,,,,,,
291,0.56,0.00026038915913829047,0.8537,290,,,,,,,,,
292,0.57,0.000260180681028492,0.8367,291,,,,,,,,,
293,0.57,0.00025997220291869354,0.8645,292,,,,,,,,,
294,0.57,0.000259763724808895,0.8186,293,,,,,,,,,
295,0.57,0.0002595552466990966,0.844,294,,,,,,,,,
296,0.57,0.0002593467685892981,0.8472,295,,,,,,,,,
297,0.58,0.0002591382904794996,0.808,296,,,,,,,,,
298,0.58,0.00025892981236970116,0.7736,297,,,,,,,,,
299,0.58,0.0002587213342599027,0.8568,298,,,,,,,,,
300,0.58,0.00025851285615010423,0.9006,299,,,,,,,,,
301,0.58,0.00025830437804030576,0.8929,300,,,,,,,,,
302,0.58,,,300,0.853209376335144,1077.2638,6.782,1.696,,,,,
303,0.59,0.0002580958999305073,0.8303,301,,,,,,,,,
304,0.59,0.0002578874218207088,0.8268,302,,,,,,,,,
305,0.59,0.00025767894371091037,0.8626,303,,,,,,,,,
306,0.59,0.00025747046560111185,0.8742,304,,,,,,,,,
307,0.59,0.0002572619874913134,0.8149,305,,,,,,,,,
308,0.6,0.0002570535093815149,0.8824,306,,,,,,,,,
309,0.6,0.00025684503127171646,0.8704,307,,,,,,,,,
310,0.6,0.000256636553161918,0.8674,308,,,,,,,,,
311,0.6,0.0002564280750521195,0.7962,309,,,,,,,,,
312,0.6,0.00025621959694232106,0.844,310,,,,,,,,,
313,0.61,0.00025601111883252254,0.8265,311,,,,,,,,,
314,0.61,0.00025580264072272413,0.8165,312,,,,,,,,,
315,0.61,0.0002555941626129256,0.8515,313,,,,,,,,,
316,0.61,0.00025538568450312715,0.8604,314,,,,,,,,,
317,0.61,0.0002551772063933287,0.8626,315,,,,,,,,,
318,0.62,0.0002549687282835302,0.828,316,,,,,,,,,
319,0.62,0.00025476025017373175,0.8192,317,,,,,,,,,
320,0.62,0.0002545517720639333,0.8103,318,,,,,,,,,
321,0.62,0.00025434329395413477,0.8787,319,,,,,,,,,
322,0.62,0.0002541348158443363,0.802,320,,,,,,,,,
323,0.62,0.00025392633773453784,0.866,321,,,,,,,,,
324,0.63,0.0002537178596247394,0.8423,322,,,,,,,,,
325,0.63,0.0002535093815149409,0.8176,323,,,,,,,,,
326,0.63,0.00025330090340514245,0.8393,324,,,,,,,,,
327,0.63,0.000253092425295344,0.8184,325,,,,,,,,,
328,0.63,0.00025288394718554546,0.8372,326,,,,,,,,,
329,0.64,0.00025267546907574705,0.8557,327,,,,,,,,,
330,0.64,0.00025246699096594853,0.842,328,,,,,,,,,
331,0.64,0.00025225851285615007,0.8067,329,,,,,,,,,
332,0.64,0.0002520500347463516,0.85,330,,,,,,,,,
333,0.64,0.00025184155663655314,0.8411,331,,,,,,,,,
334,0.65,0.0002516330785267547,0.8199,332,,,,,,,,,
335,0.65,0.0002514246004169562,0.7994,333,,,,,,,,,
336,0.65,0.00025121612230715774,0.8294,334,,,,,,,,,
337,0.65,0.0002510076441973592,0.8695,335,,,,,,,,,
338,0.65,0.0002507991660875608,0.863,336,,,,,,,,,
339,0.66,0.0002505906879777623,0.8405,337,,,,,,,,,
340,0.66,0.00025038220986796383,0.8389,338,,,,,,,,,
341,0.66,0.00025017373175816537,0.8472,339,,,,,,,,,
342,0.66,0.0002499652536483669,0.8589,340,,,,,,,,,
343,0.66,0.00024975677553856844,0.8615,341,,,,,,,,,
344,0.67,0.00024954829742876997,0.8677,342,,,,,,,,,
345,0.67,0.0002493398193189715,0.8186,343,,,,,,,,,
346,0.67,0.000249131341209173,0.8495,344,,,,,,,,,
347,0.67,0.0002489228630993746,0.8855,345,,,,,,,,,
348,0.67,0.00024871438498957606,0.8503,346,,,,,,,,,
349,0.68,0.0002485059068797776,0.8456,347,,,,,,,,,
350,0.68,0.00024829742876997913,0.8258,348,,,,,,,,,
351,0.68,0.00024808895066018066,0.8619,349,,,,,,,,,
352,0.68,0.0002478804725503822,0.8249,350,,,,,,,,,
353,0.68,0.00024767199444058373,0.8698,351,,,,,,,,,
354,0.69,0.00024746351633078527,0.8145,352,,,,,,,,,
355,0.69,0.00024725503822098675,0.8131,353,,,,,,,,,
356,0.69,0.00024704656011118834,0.8357,354,,,,,,,,,
357,0.69,0.0002468380820013898,0.8495,355,,,,,,,,,
358,0.69,0.00024662960389159136,0.8263,356,,,,,,,,,
359,0.69,0.0002464211257817929,0.8212,357,,,,,,,,,
360,0.7,0.0002462126476719944,0.7958,358,,,,,,,,,
361,0.7,0.00024600416956219596,0.8483,359,,,,,,,,,
362,0.7,0.0002457956914523975,0.7985,360,,,,,,,,,
363,0.7,0.00024558721334259903,0.8458,361,,,,,,,,,
364,0.7,0.0002453787352328005,0.8491,362,,,,,,,,,
365,0.71,0.0002451702571230021,0.8367,363,,,,,,,,,
366,0.71,0.0002449617790132036,0.8093,364,,,,,,,,,
367,0.71,0.0002447533009034051,0.7948,365,,,,,,,,,
368,0.71,0.00024454482279360665,0.9038,366,,,,,,,,,
369,0.71,0.0002443363446838082,0.8321,367,,,,,,,,,
370,0.72,0.0002441278665740097,0.8079,368,,,,,,,,,
371,0.72,0.00024391938846421126,0.8512,369,,,,,,,,,
372,0.72,0.00024371091035441277,0.7577,370,,,,,,,,,
373,0.72,0.00024350243224461427,0.8029,371,,,,,,,,,
374,0.72,0.00024329395413481584,0.8665,372,,,,,,,,,
375,0.73,0.00024308547602501734,0.8009,373,,,,,,,,,
376,0.73,0.00024287699791521888,0.8079,374,,,,,,,,,
377,0.73,0.00024266851980542042,0.8071,375,,,,,,,,,
378,0.73,0.00024246004169562195,0.8285,376,,,,,,,,,
379,0.73,0.00024225156358582346,0.8493,377,,,,,,,,,
380,0.74,0.00024204308547602502,0.8762,378,,,,,,,,,
381,0.74,0.00024183460736622653,0.8694,379,,,,,,,,,
382,0.74,0.00024162612925642804,0.8744,380,,,,,,,,,
383,0.74,0.0002414176511466296,0.843,381,,,,,,,,,
384,0.74,0.0002412091730368311,0.837,382,,,,,,,,,
385,0.75,0.00024100069492703264,0.8414,383,,,,,,,,,
386,0.75,0.00024079221681723418,0.8138,384,,,,,,,,,
387,0.75,0.0002405837387074357,0.8356,385,,,,,,,,,
388,0.75,0.00024037526059763722,0.8434,386,,,,,,,,,
389,0.75,0.00024016678248783878,0.8041,387,,,,,,,,,
390,0.76,0.0002399583043780403,0.8423,388,,,,,,,,,
391,0.76,0.0002397498262682418,0.776,389,,,,,,,,,
392,0.76,0.00023954134815844336,0.8049,390,,,,,,,,,
393,0.76,0.00023933287004864487,0.8599,391,,,,,,,,,
394,0.76,0.0002391243919388464,0.8302,392,,,,,,,,,
395,0.77,0.00023891591382904794,0.8284,393,,,,,,,,,
396,0.77,0.00023870743571924948,0.804,394,,,,,,,,,
397,0.77,0.00023849895760945098,0.8549,395,,,,,,,,,
398,0.77,0.00023829047949965252,0.885,396,,,,,,,,,
399,0.77,0.00023808200138985405,0.8292,397,,,,,,,,,
400,0.77,0.00023787352328005556,0.8335,398,,,,,,,,,
401,0.78,0.00023766504517025712,0.8507,399,,,,,,,,,
402,0.78,0.00023745656706045863,0.8033,400,,,,,,,,,
403,0.78,,,400,0.8325084447860718,1070.998,6.822,1.706,,,,,
404,0.78,0.00023724808895066014,0.8278,401,,,,,,,,,
405,0.78,0.0002370396108408617,0.8047,402,,,,,,,,,
406,0.78,0.0002368311327310632,0.8347,403,,,,,,,,,
407,0.79,0.00023662265462126475,0.7936,404,,,,,,,,,
408,0.79,0.00023641417651146628,0.858,405,,,,,,,,,
409,0.79,0.00023620569840166782,0.814,406,,,,,,,,,
410,0.79,0.00023599722029186932,0.8431,407,,,,,,,,,
411,0.79,0.0002357887421820709,0.8204,408,,,,,,,,,
412,0.8,0.0002355802640722724,0.8146,409,,,,,,,,,
413,0.8,0.0002353717859624739,0.8499,410,,,,,,,,,
414,0.8,0.00023516330785267547,0.8395,411,,,,,,,,,
415,0.8,0.00023495482974287697,0.7755,412,,,,,,,,,
416,0.8,0.0002347463516330785,0.7823,413,,,,,,,,,
417,0.81,0.00023453787352328004,0.8281,414,,,,,,,,,
418,0.81,0.00023432939541348158,0.8124,415,,,,,,,,,
419,0.81,0.0002341209173036831,0.816,416,,,,,,,,,
420,0.81,0.00023391243919388465,0.7728,417,,,,,,,,,
421,0.81,0.00023370396108408616,0.8115,418,,,,,,,,,
422,0.82,0.00023349548297428767,0.8338,419,,,,,,,,,
423,0.82,0.00023328700486448923,0.8372,420,,,,,,,,,
424,0.82,0.00023307852675469074,0.834,421,,,,,,,,,
425,0.82,0.00023287004864489227,0.8278,422,,,,,,,,,
426,0.82,0.0002326615705350938,0.8582,423,,,,,,,,,
427,0.83,0.00023245309242529534,0.794,424,,,,,,,,,
428,0.83,0.00023224461431549685,0.8188,425,,,,,,,,,
429,0.83,0.00023203613620569838,0.8512,426,,,,,,,,,
430,0.83,0.00023182765809589992,0.804,427,,,,,,,,,
431,0.83,0.00023161917998610143,0.8623,428,,,,,,,,,
432,0.84,0.000231410701876303,0.8074,429,,,,,,,,,
433,0.84,0.0002312022237665045,0.8378,430,,,,,,,,,
434,0.84,0.000230993745656706,0.7868,431,,,,,,,,,
435,0.84,0.00023078526754690757,0.8401,432,,,,,,,,,
436,0.84,0.00023057678943710908,0.8157,433,,,,,,,,,
437,0.84,0.0002303683113273106,0.8054,434,,,,,,,,,
438,0.85,0.00023015983321751215,0.783,435,,,,,,,,,
439,0.85,0.00022995135510771368,0.7524,436,,,,,,,,,
440,0.85,0.0002297428769979152,0.8238,437,,,,,,,,,
441,0.85,0.00022953439888811675,0.8111,438,,,,,,,,,
442,0.85,0.00022932592077831826,0.7931,439,,,,,,,,,
443,0.86,0.00022911744266851977,0.8378,440,,,,,,,,,
444,0.86,0.00022890896455872133,0.82,441,,,,,,,,,
445,0.86,0.00022870048644892284,0.864,442,,,,,,,,,
446,0.86,0.00022849200833912437,0.8099,443,,,,,,,,,
447,0.86,0.0002282835302293259,0.8262,444,,,,,,,,,
448,0.87,0.00022807505211952744,0.7764,445,,,,,,,,,
449,0.87,0.00022786657400972895,0.8069,446,,,,,,,,,
450,0.87,0.00022765809589993052,0.8453,447,,,,,,,,,
451,0.87,0.00022744961779013202,0.8318,448,,,,,,,,,
452,0.87,0.00022724113968033353,0.8042,449,,,,,,,,,
453,0.88,0.0002270326615705351,0.8444,450,,,,,,,,,
454,0.88,0.0002268241834607366,0.8728,451,,,,,,,,,
455,0.88,0.00022661570535093814,0.8229,452,,,,,,,,,
456,0.88,0.00022640722724113967,0.8021,453,,,,,,,,,
457,0.88,0.0002261987491313412,0.8292,454,,,,,,,,,
458,0.89,0.00022599027102154272,0.8245,455,,,,,,,,,
459,0.89,0.00022578179291174425,0.8048,456,,,,,,,,,
460,0.89,0.00022557331480194579,0.8284,457,,,,,,,,,
461,0.89,0.0002253648366921473,0.816,458,,,,,,,,,
462,0.89,0.00022515635858234886,0.8342,459,,,,,,,,,
463,0.9,0.00022494788047255036,0.841,460,,,,,,,,,
464,0.9,0.0002247394023627519,0.8054,461,,,,,,,,,
465,0.9,0.0002245309242529534,0.8057,462,,,,,,,,,
466,0.9,0.00022432244614315494,0.7794,463,,,,,,,,,
467,0.9,0.00022411396803335648,0.8172,464,,,,,,,,,
468,0.91,0.00022390548992355799,0.8278,465,,,,,,,,,
469,0.91,0.00022369701181375955,0.8217,466,,,,,,,,,
470,0.91,0.00022348853370396106,0.8158,467,,,,,,,,,
471,0.91,0.00022328005559416256,0.8391,468,,,,,,,,,
472,0.91,0.00022307157748436413,0.8044,469,,,,,,,,,
473,0.91,0.00022286309937456563,0.825,470,,,,,,,,,
474,0.92,0.00022265462126476717,0.7861,471,,,,,,,,,
475,0.92,0.0002224461431549687,0.8558,472,,,,,,,,,
476,0.92,0.00022223766504517024,0.8097,473,,,,,,,,,
477,0.92,0.00022202918693537175,0.8191,474,,,,,,,,,
478,0.92,0.0002218207088255733,0.7762,475,,,,,,,,,
479,0.93,0.00022161223071577482,0.8664,476,,,,,,,,,
480,0.93,0.00022140375260597633,0.8143,477,,,,,,,,,
481,0.93,0.0002211952744961779,0.8136,478,,,,,,,,,
482,0.93,0.0002209867963863794,0.7957,479,,,,,,,,,
483,0.93,0.00022077831827658093,0.8035,480,,,,,,,,,
484,0.94,0.00022056984016678247,0.7786,481,,,,,,,,,
485,0.94,0.000220361362056984,0.8055,482,,,,,,,,,
486,0.94,0.0002201528839471855,0.9064,483,,,,,,,,,
487,0.94,0.00021994440583738707,0.7991,484,,,,,,,,,
488,0.94,0.00021973592772758858,0.8118,485,,,,,,,,,
489,0.95,0.0002195274496177901,0.7921,486,,,,,,,,,
490,0.95,0.00021931897150799165,0.7882,487,,,,,,,,,
491,0.95,0.00021911049339819316,0.8629,488,,,,,,,,,
492,0.95,0.0002189020152883947,0.7838,489,,,,,,,,,
493,0.95,0.00021869353717859623,0.7996,490,,,,,,,,,
494,0.96,0.00021848505906879777,0.8018,491,,,,,,,,,
495,0.96,0.00021827658095899927,0.8067,492,,,,,,,,,
496,0.96,0.0002180681028492008,0.8431,493,,,,,,,,,
497,0.96,0.00021785962473940234,0.8284,494,,,,,,,,,
498,0.96,0.00021765114662960385,0.7975,495,,,,,,,,,
499,0.97,0.00021744266851980541,0.8045,496,,,,,,,,,
500,0.97,0.00021723419041000692,0.8493,497,,,,,,,,,
501,0.97,0.00021702571230020843,0.8246,498,,,,,,,,,
502,0.97,0.00021681723419041,0.7883,499,,,,,,,,,
503,0.97,0.0002166087560806115,0.7604,500,,,,,,,,,
504,0.97,,,500,0.813672661781311,1070.6778,6.824,1.706,,,,,
505,0.98,0.00021640027797081304,0.7639,501,,,,,,,,,
506,0.98,0.00021619179986101457,0.8496,502,,,,,,,,,
507,0.98,0.0002159833217512161,0.8289,503,,,,,,,,,
508,0.98,0.00021577484364141761,0.8596,504,,,,,,,,,
509,0.98,0.00021556636553161918,0.8083,505,,,,,,,,,
510,0.98,0.00021535788742182068,0.8276,506,,,,,,,,,
511,0.99,0.0002151494093120222,0.7805,507,,,,,,,,,
512,0.99,0.00021494093120222375,0.7929,508,,,,,,,,,
513,0.99,0.00021473245309242526,0.881,509,,,,,,,,,
514,0.99,0.0002145239749826268,0.8677,510,,,,,,,,,
515,0.99,0.00021431549687282833,0.8121,511,,,,,,,,,
516,1.0,0.00021410701876302987,0.8067,512,,,,,,,,,
517,1.0,0.00021389854065323138,0.8037,513,,,,,,,,,
518,1.0,0.00021369006254343294,0.7739,514,,,,,,,,,
519,1.0,0.00021348158443363445,0.7737,515,,,,,,,,,
520,1.0,0.00021327310632383596,0.7526,516,,,,,,,,,
521,1.01,0.00021306462821403752,0.7966,517,,,,,,,,,
522,1.01,0.00021285615010423903,0.7796,518,,,,,,,,,
523,1.01,0.00021264767199444056,0.8067,519,,,,,,,,,
524,1.01,0.0002124391938846421,0.7779,520,,,,,,,,,
525,1.01,0.00021223071577484363,0.7633,521,,,,,,,,,
526,1.02,0.00021202223766504514,0.7926,522,,,,,,,,,
527,1.02,0.00021181375955524667,0.7923,523,,,,,,,,,
528,1.02,0.0002116052814454482,0.8253,524,,,,,,,,,
529,1.02,0.00021139680333564972,0.7561,525,,,,,,,,,
530,1.02,0.00021118832522585128,0.8247,526,,,,,,,,,
531,1.03,0.0002109798471160528,0.7982,527,,,,,,,,,
532,1.03,0.0002107713690062543,0.804,528,,,,,,,,,
533,1.03,0.00021056289089645586,0.771,529,,,,,,,,,
534,1.03,0.00021035441278665737,0.808,530,,,,,,,,,
535,1.03,0.0002101459346768589,0.807,531,,,,,,,,,
536,1.04,0.00020993745656706044,0.7828,532,,,,,,,,,
537,1.04,0.00020972897845726197,0.7975,533,,,,,,,,,
538,1.04,0.00020952050034746348,0.8044,534,,,,,,,,,
539,1.04,0.00020931202223766504,0.7412,535,,,,,,,,,
540,1.04,0.00020910354412786655,0.7586,536,,,,,,,,,
541,1.05,0.00020889506601806806,0.7453,537,,,,,,,,,
542,1.05,0.00020868658790826962,0.7471,538,,,,,,,,,
543,1.05,0.00020847810979847113,0.812,539,,,,,,,,,
544,1.05,0.00020826963168867266,0.802,540,,,,,,,,,
545,1.05,0.0002080611535788742,0.8087,541,,,,,,,,,
546,1.06,0.00020785267546907573,0.7794,542,,,,,,,,,
547,1.06,0.00020764419735927724,0.7997,543,,,,,,,,,
548,1.06,0.0002074357192494788,0.7887,544,,,,,,,,,
549,1.06,0.0002072272411396803,0.7843,545,,,,,,,,,
550,1.06,0.00020701876302988182,0.8089,546,,,,,,,,,
551,1.06,0.00020681028492008338,0.7451,547,,,,,,,,,
552,1.07,0.0002066018068102849,0.8065,548,,,,,,,,,
553,1.07,0.00020639332870048643,0.7981,549,,,,,,,,,
554,1.07,0.00020618485059068796,0.7669,550,,,,,,,,,
555,1.07,0.0002059763724808895,0.7641,551,,,,,,,,,
556,1.07,0.000205767894371091,0.7881,552,,,,,,,,,
557,1.08,0.00020555941626129254,0.8051,553,,,,,,,,,
558,1.08,0.00020535093815149408,0.8097,554,,,,,,,,,
559,1.08,0.00020514246004169558,0.7807,555,,,,,,,,,
560,1.08,0.00020493398193189715,0.7628,556,,,,,,,,,
561,1.08,0.00020472550382209865,0.8261,557,,,,,,,,,
562,1.09,0.0002045170257123002,0.7774,558,,,,,,,,,
563,1.09,0.00020430854760250172,0.794,559,,,,,,,,,
564,1.09,0.00020410006949270323,0.7621,560,,,,,,,,,
565,1.09,0.00020389159138290477,0.8117,561,,,,,,,,,
566,1.09,0.0002036831132731063,0.7518,562,,,,,,,,,
567,1.1,0.00020347463516330784,0.8117,563,,,,,,,,,
568,1.1,0.00020326615705350935,0.765,564,,,,,,,,,
569,1.1,0.0002030576789437109,0.8377,565,,,,,,,,,
570,1.1,0.00020284920083391242,0.7657,566,,,,,,,,,
571,1.1,0.00020264072272411392,0.785,567,,,,,,,,,
572,1.11,0.0002024322446143155,0.7315,568,,,,,,,,,
573,1.11,0.000202223766504517,0.7784,569,,,,,,,,,
574,1.11,0.00020201528839471853,0.8159,570,,,,,,,,,
575,1.11,0.00020180681028492007,0.7721,571,,,,,,,,,
576,1.11,0.0002015983321751216,0.7468,572,,,,,,,,,
577,1.12,0.0002013898540653231,0.7826,573,,,,,,,,,
578,1.12,0.00020118137595552467,0.7916,574,,,,,,,,,
579,1.12,0.00020097289784572618,0.7961,575,,,,,,,,,
580,1.12,0.0002007644197359277,0.7559,576,,,,,,,,,
581,1.12,0.00020055594162612925,0.7091,577,,,,,,,,,
582,1.13,0.00020034746351633076,0.8221,578,,,,,,,,,
583,1.13,0.0002001389854065323,0.7699,579,,,,,,,,,
584,1.13,0.00019993050729673383,0.7455,580,,,,,,,,,
585,1.13,0.00019972202918693536,0.808,581,,,,,,,,,
586,1.13,0.00019951355107713687,0.7882,582,,,,,,,,,
587,1.13,0.0001993050729673384,0.7905,583,,,,,,,,,
588,1.14,0.00019909659485753994,0.7792,584,,,,,,,,,
589,1.14,0.00019888811674774145,0.7925,585,,,,,,,,,
590,1.14,0.000198679638637943,0.8063,586,,,,,,,,,
591,1.14,0.00019847116052814452,0.7788,587,,,,,,,,,
592,1.14,0.00019826268241834605,0.713,588,,,,,,,,,
593,1.15,0.0001980542043085476,0.7761,589,,,,,,,,,
594,1.15,0.0001978457261987491,0.7405,590,,,,,,,,,
595,1.15,0.00019763724808895063,0.7588,591,,,,,,,,,
596,1.15,0.00019742876997915217,0.815,592,,,,,,,,,
597,1.15,0.0001972202918693537,0.7832,593,,,,,,,,,
598,1.16,0.0001970118137595552,0.772,594,,,,,,,,,
599,1.16,0.00019680333564975677,0.8124,595,,,,,,,,,
600,1.16,0.00019659485753995828,0.7561,596,,,,,,,,,
601,1.16,0.0001963863794301598,0.7614,597,,,,,,,,,
602,1.16,0.00019617790132036135,0.7903,598,,,,,,,,,
603,1.17,0.00019596942321056286,0.8179,599,,,,,,,,,
604,1.17,0.0001957609451007644,0.825,600,,,,,,,,,
605,1.17,,,600,0.7972469329833984,1070.0813,6.828,1.707,,,,,
606,1.17,0.00019555246699096593,0.7174,601,,,,,,,,,
607,1.17,0.00019534398888116747,0.8108,602,,,,,,,,,
608,1.17,0.00019513551077136897,0.7621,603,,,,,,,,,
609,1.18,0.00019492703266157054,0.7998,604,,,,,,,,,
610,1.18,0.00019471855455177204,0.7702,605,,,,,,,,,
611,1.18,0.00019451007644197355,0.7694,606,,,,,,,,,
612,1.18,0.00019430159833217511,0.7664,607,,,,,,,,,
613,1.18,0.00019409312022237662,0.783,608,,,,,,,,,
614,1.19,0.00019388464211257816,0.8215,609,,,,,,,,,
615,1.19,0.0001936761640027797,0.7395,610,,,,,,,,,
616,1.19,0.00019346768589298123,0.8206,611,,,,,,,,,
617,1.19,0.00019325920778318274,0.7725,612,,,,,,,,,
618,1.19,0.0001930507296733843,0.781,613,,,,,,,,,
619,1.2,0.0001928422515635858,0.7799,614,,,,,,,,,
620,1.2,0.00019263377345378732,0.758,615,,,,,,,,,
621,1.2,0.00019242529534398888,0.7377,616,,,,,,,,,
622,1.2,0.00019221681723419039,0.8156,617,,,,,,,,,
623,1.2,0.00019200833912439192,0.7552,618,,,,,,,,,
624,1.2,0.00019179986101459346,0.7276,619,,,,,,,,,
625,1.21,0.00019159138290479496,0.7759,620,,,,,,,,,
626,1.21,0.0001913829047949965,0.7443,621,,,,,,,,,
627,1.21,0.00019117442668519803,0.8078,622,,,,,,,,,
628,1.21,0.00019096594857539957,0.7794,623,,,,,,,,,
629,1.21,0.00019075747046560108,0.783,624,,,,,,,,,
630,1.22,0.00019054899235580264,0.7532,625,,,,,,,,,
631,1.22,0.00019034051424600415,0.779,626,,,,,,,,,
632,1.22,0.00019013203613620566,0.757,627,,,,,,,,,
633,1.22,0.00018992355802640722,0.8033,628,,,,,,,,,
634,1.22,0.00018971507991660873,0.7513,629,,,,,,,,,
635,1.23,0.00018950660180681026,0.7224,630,,,,,,,,,
636,1.23,0.0001892981236970118,0.7805,631,,,,,,,,,
637,1.23,0.00018908964558721333,0.7877,632,,,,,,,,,
638,1.23,0.00018888116747741484,0.7876,633,,,,,,,,,
639,1.23,0.0001886726893676164,0.8368,634,,,,,,,,,
640,1.24,0.0001884642112578179,0.7386,635,,,,,,,,,
641,1.24,0.00018825573314801942,0.8049,636,,,,,,,,,
642,1.24,0.00018804725503822098,0.7667,637,,,,,,,,,
643,1.24,0.0001878387769284225,0.7865,638,,,,,,,,,
644,1.24,0.00018763029881862402,0.7994,639,,,,,,,,,
645,1.25,0.00018742182070882556,0.7136,640,,,,,,,,,
646,1.25,0.0001872133425990271,0.7514,641,,,,,,,,,
647,1.25,0.0001870048644892286,0.8048,642,,,,,,,,,
648,1.25,0.00018679638637943016,0.7968,643,,,,,,,,,
649,1.25,0.00018658790826963167,0.8238,644,,,,,,,,,
650,1.26,0.00018637943015983318,0.7491,645,,,,,,,,,
651,1.26,0.00018617095205003474,0.8027,646,,,,,,,,,
652,1.26,0.00018596247394023625,0.8039,647,,,,,,,,,
653,1.26,0.0001857539958304378,0.7909,648,,,,,,,,,
654,1.26,0.00018554551772063932,0.749,649,,,,,,,,,
655,1.27,0.00018533703961084083,0.8089,650,,,,,,,,,
656,1.27,0.00018512856150104237,0.7353,651,,,,,,,,,
657,1.27,0.0001849200833912439,0.7638,652,,,,,,,,,
658,1.27,0.00018471160528144544,0.7274,653,,,,,,,,,
659,1.27,0.00018450312717164694,0.7813,654,,,,,,,,,
660,1.28,0.0001842946490618485,0.77,655,,,,,,,,,
661,1.28,0.00018408617095205001,0.7463,656,,,,,,,,,
662,1.28,0.00018387769284225152,0.7612,657,,,,,,,,,
663,1.28,0.00018366921473245308,0.7818,658,,,,,,,,,
664,1.28,0.0001834607366226546,0.8368,659,,,,,,,,,
665,1.28,0.00018325225851285613,0.7326,660,,,,,,,,,
666,1.29,0.00018304378040305766,0.7864,661,,,,,,,,,
667,1.29,0.0001828353022932592,0.7695,662,,,,,,,,,
668,1.29,0.0001826268241834607,0.7993,663,,,,,,,,,
669,1.29,0.00018241834607366227,0.7584,664,,,,,,,,,
670,1.29,0.00018220986796386378,0.7663,665,,,,,,,,,
671,1.3,0.00018200138985406528,0.7778,666,,,,,,,,,
672,1.3,0.00018179291174426685,0.7259,667,,,,,,,,,
673,1.3,0.00018158443363446835,0.8015,668,,,,,,,,,
674,1.3,0.0001813759555246699,0.7529,669,,,,,,,,,
675,1.3,0.00018116747741487143,0.74,670,,,,,,,,,
676,1.31,0.00018095899930507296,0.7534,671,,,,,,,,,
677,1.31,0.00018075052119527447,0.7356,672,,,,,,,,,
678,1.31,0.00018054204308547603,0.787,673,,,,,,,,,
679,1.31,0.00018033356497567754,0.7871,674,,,,,,,,,
680,1.31,0.00018012508686587905,0.7419,675,,,,,,,,,
681,1.32,0.0001799166087560806,0.7768,676,,,,,,,,,
682,1.32,0.00017970813064628212,0.7138,677,,,,,,,,,
683,1.32,0.00017949965253648365,0.7524,678,,,,,,,,,
684,1.32,0.0001792911744266852,0.7372,679,,,,,,,,,
685,1.32,0.0001790826963168867,0.7386,680,,,,,,,,,
686,1.33,0.00017887421820708823,0.7516,681,,,,,,,,,
687,1.33,0.00017866574009728977,0.7527,682,,,,,,,,,
688,1.33,0.0001784572619874913,0.813,683,,,,,,,,,
689,1.33,0.0001782487838776928,0.8111,684,,,,,,,,,
690,1.33,0.00017804030576789437,0.762,685,,,,,,,,,
691,1.34,0.00017783182765809588,0.7654,686,,,,,,,,,
692,1.34,0.0001776233495482974,0.719,687,,,,,,,,,
693,1.34,0.00017741487143849895,0.8415,688,,,,,,,,,
694,1.34,0.00017720639332870046,0.756,689,,,,,,,,,
695,1.34,0.000176997915218902,0.729,690,,,,,,,,,
696,1.35,0.00017678943710910353,0.798,691,,,,,,,,,
697,1.35,0.00017658095899930506,0.7608,692,,,,,,,,,
698,1.35,0.00017637248088950657,0.7845,693,,,,,,,,,
699,1.35,0.00017616400277970813,0.7686,694,,,,,,,,,
700,1.35,0.00017595552466990964,0.7685,695,,,,,,,,,
701,1.35,0.00017574704656011115,0.7649,696,,,,,,,,,
702,1.36,0.0001755385684503127,0.8047,697,,,,,,,,,
703,1.36,0.00017533009034051422,0.7084,698,,,,,,,,,
704,1.36,0.00017512161223071576,0.7768,699,,,,,,,,,
705,1.36,0.0001749131341209173,0.8585,700,,,,,,,,,
706,1.36,,,700,0.7804837226867676,1071.338,6.82,1.705,,,,,
707,1.36,0.00017470465601111883,0.7717,701,,,,,,,,,
708,1.37,0.00017449617790132033,0.742,702,,,,,,,,,
709,1.37,0.0001742876997915219,0.7863,703,,,,,,,,,
710,1.37,0.0001740792216817234,0.7838,704,,,,,,,,,
711,1.37,0.0001738707435719249,0.7567,705,,,,,,,,,
712,1.37,0.00017366226546212648,0.7559,706,,,,,,,,,
713,1.38,0.00017345378735232798,0.8138,707,,,,,,,,,
714,1.38,0.00017324530924252952,0.7648,708,,,,,,,,,
715,1.38,0.00017303683113273105,0.7287,709,,,,,,,,,
716,1.38,0.0001728283530229326,0.7197,710,,,,,,,,,
717,1.38,0.0001726198749131341,0.7687,711,,,,,,,,,
718,1.39,0.00017241139680333563,0.7297,712,,,,,,,,,
719,1.39,0.00017220291869353717,0.7461,713,,,,,,,,,
720,1.39,0.00017199444058373868,0.7387,714,,,,,,,,,
721,1.39,0.00017178596247394024,0.8097,715,,,,,,,,,
722,1.39,0.00017157748436414175,0.8133,716,,,,,,,,,
723,1.4,0.00017136900625434325,0.7863,717,,,,,,,,,
724,1.4,0.00017116052814454482,0.7694,718,,,,,,,,,
725,1.4,0.00017095205003474632,0.7714,719,,,,,,,,,
726,1.4,0.00017074357192494786,0.7689,720,,,,,,,,,
727,1.4,0.0001705350938151494,0.7294,721,,,,,,,,,
728,1.41,0.00017032661570535093,0.7515,722,,,,,,,,,
729,1.41,0.00017011813759555244,0.7421,723,,,,,,,,,
730,1.41,0.000169909659485754,0.7426,724,,,,,,,,,
731,1.41,0.0001697011813759555,0.7054,725,,,,,,,,,
732,1.41,0.00016949270326615702,0.8164,726,,,,,,,,,
733,1.42,0.00016928422515635858,0.7528,727,,,,,,,,,
734,1.42,0.0001690757470465601,0.7451,728,,,,,,,,,
735,1.42,0.00016886726893676162,0.7513,729,,,,,,,,,
736,1.42,0.00016865879082696316,0.7337,730,,,,,,,,,
737,1.42,0.0001684503127171647,0.7702,731,,,,,,,,,
738,1.42,0.0001682418346073662,0.741,732,,,,,,,,,
739,1.43,0.00016803335649756776,0.7472,733,,,,,,,,,
740,1.43,0.00016782487838776927,0.7156,734,,,,,,,,,
741,1.43,0.00016761640027797078,0.7897,735,,,,,,,,,
742,1.43,0.00016740792216817234,0.7597,736,,,,,,,,,
743,1.43,0.00016719944405837385,0.739,737,,,,,,,,,
744,1.44,0.00016699096594857538,0.7477,738,,,,,,,,,
745,1.44,0.00016678248783877692,0.7528,739,,,,,,,,,
746,1.44,0.00016657400972897845,0.7278,740,,,,,,,,,
747,1.44,0.00016636553161917996,0.7147,741,,,,,,,,,
748,1.44,0.0001661570535093815,0.7135,742,,,,,,,,,
749,1.45,0.00016594857539958303,0.7581,743,,,,,,,,,
750,1.45,0.00016574009728978454,0.7701,744,,,,,,,,,
751,1.45,0.0001655316191799861,0.7673,745,,,,,,,,,
752,1.45,0.0001653231410701876,0.7956,746,,,,,,,,,
753,1.45,0.00016511466296038912,0.7398,747,,,,,,,,,
754,1.46,0.00016490618485059068,0.7557,748,,,,,,,,,
755,1.46,0.0001646977067407922,0.7957,749,,,,,,,,,
756,1.46,0.00016448922863099373,0.7076,750,,,,,,,,,
757,1.46,0.00016428075052119526,0.763,751,,,,,,,,,
758,1.46,0.0001640722724113968,0.7521,752,,,,,,,,,
759,1.47,0.0001638637943015983,0.7175,753,,,,,,,,,
760,1.47,0.00016365531619179987,0.766,754,,,,,,,,,
761,1.47,0.00016344683808200137,0.7987,755,,,,,,,,,
762,1.47,0.00016323835997220288,0.7612,756,,,,,,,,,
763,1.47,0.00016302988186240444,0.7449,757,,,,,,,,,
764,1.48,0.00016282140375260595,0.7488,758,,,,,,,,,
765,1.48,0.0001626129256428075,0.7795,759,,,,,,,,,
766,1.48,0.00016240444753300902,0.7558,760,,,,,,,,,
767,1.48,0.00016219596942321056,0.7327,761,,,,,,,,,
768,1.48,0.00016198749131341207,0.7944,762,,,,,,,,,
769,1.49,0.00016177901320361363,0.7414,763,,,,,,,,,
770,1.49,0.00016157053509381514,0.8028,764,,,,,,,,,
771,1.49,0.00016136205698401664,0.7593,765,,,,,,,,,
772,1.49,0.0001611535788742182,0.7823,766,,,,,,,,,
773,1.49,0.00016094510076441971,0.735,767,,,,,,,,,
774,1.49,0.00016073662265462125,0.7235,768,,,,,,,,,
775,1.5,0.00016052814454482279,0.7294,769,,,,,,,,,
776,1.5,0.00016031966643502432,0.7309,770,,,,,,,,,
777,1.5,0.00016011118832522583,0.7963,771,,,,,,,,,
778,1.5,0.00015990271021542736,0.7736,772,,,,,,,,,
779,1.5,0.0001596942321056289,0.7636,773,,,,,,,,,
780,1.51,0.0001594857539958304,0.7742,774,,,,,,,,,
781,1.51,0.00015927727588603197,0.7443,775,,,,,,,,,
782,1.51,0.00015906879777623348,0.7507,776,,,,,,,,,
783,1.51,0.00015886031966643499,0.7371,777,,,,,,,,,
784,1.51,0.00015865184155663655,0.7413,778,,,,,,,,,
785,1.52,0.00015844336344683806,0.7153,779,,,,,,,,,
786,1.52,0.0001582348853370396,0.7324,780,,,,,,,,,
787,1.52,0.00015802640722724113,0.8161,781,,,,,,,,,
788,1.52,0.00015781792911744266,0.7132,782,,,,,,,,,
789,1.52,0.00015760945100764417,0.7751,783,,,,,,,,,
790,1.53,0.00015740097289784573,0.7735,784,,,,,,,,,
791,1.53,0.00015719249478804724,0.7776,785,,,,,,,,,
792,1.53,0.00015698401667824875,0.7697,786,,,,,,,,,
793,1.53,0.0001567755385684503,0.7351,787,,,,,,,,,
794,1.53,0.00015656706045865182,0.7586,788,,,,,,,,,
795,1.54,0.00015635858234885335,0.7466,789,,,,,,,,,
796,1.54,0.0001561501042390549,0.7163,790,,,,,,,,,
797,1.54,0.00015594162612925642,0.7262,791,,,,,,,,,
798,1.54,0.00015573314801945793,0.7321,792,,,,,,,,,
799,1.54,0.0001555246699096595,0.7868,793,,,,,,,,,
800,1.55,0.000155316191799861,0.7854,794,,,,,,,,,
801,1.55,0.0001551077136900625,0.7494,795,,,,,,,,,
802,1.55,0.00015489923558026407,0.7508,796,,,,,,,,,
803,1.55,0.00015469075747046558,0.7857,797,,,,,,,,,
804,1.55,0.00015448227936066712,0.7474,798,,,,,,,,,
805,1.56,0.00015427380125086865,0.7267,799,,,,,,,,,
806,1.56,0.00015406532314107019,0.6981,800,,,,,,,,,
807,1.56,,,800,0.7644132971763611,1067.5299,6.844,1.711,,,,,
808,1.56,0.0001538568450312717,0.7249,801,,,,,,,,,
809,1.56,0.00015364836692147323,0.7298,802,,,,,,,,,
810,1.56,0.00015343988881167476,0.7418,803,,,,,,,,,
811,1.57,0.00015323141070187627,0.7751,804,,,,,,,,,
812,1.57,0.00015302293259207784,0.7359,805,,,,,,,,,
813,1.57,0.00015281445448227934,0.724,806,,,,,,,,,
814,1.57,0.00015260597637248088,0.7881,807,,,,,,,,,
815,1.57,0.0001523974982626824,0.7266,808,,,,,,,,,
816,1.57,0.00015218902015288392,0.737,809,,,,,,,,,
817,1.58,0.00015198054204308546,0.7154,810,,,,,,,,,
818,1.58,0.000151772063933287,0.7929,811,,,,,,,,,
819,1.58,0.00015156358582348853,0.7522,812,,,,,,,,,
820,1.58,0.00015135510771369004,0.7389,813,,,,,,,,,
821,1.58,0.0001511466296038916,0.7506,814,,,,,,,,,
822,1.59,0.0001509381514940931,0.7556,815,,,,,,,,,
823,1.59,0.00015072967338429461,0.7695,816,,,,,,,,,
824,1.59,0.00015052119527449618,0.7419,817,,,,,,,,,
825,1.59,0.00015031271716469768,0.732,818,,,,,,,,,
826,1.59,0.00015010423905489922,0.7632,819,,,,,,,,,
827,1.6,0.00014989576094510075,0.7752,820,,,,,,,,,
828,1.6,0.0001496872828353023,0.7357,821,,,,,,,,,
829,1.6,0.00014947880472550382,0.759,822,,,,,,,,,
830,1.6,0.00014927032661570533,0.7388,823,,,,,,,,,
831,1.6,0.00014906184850590687,0.7684,824,,,,,,,,,
832,1.61,0.0001488533703961084,0.7584,825,,,,,,,,,
833,1.61,0.0001486448922863099,0.7484,826,,,,,,,,,
834,1.61,0.00014843641417651145,0.7445,827,,,,,,,,,
835,1.61,0.00014822793606671298,0.736,828,,,,,,,,,
836,1.61,0.00014801945795691452,0.78,829,,,,,,,,,
837,1.62,0.00014781097984711605,0.8072,830,,,,,,,,,
838,1.62,0.0001476025017373176,0.7273,831,,,,,,,,,
839,1.62,0.0001473940236275191,0.7668,832,,,,,,,,,
840,1.62,0.00014718554551772063,0.7504,833,,,,,,,,,
841,1.62,0.00014697706740792217,0.7027,834,,,,,,,,,
842,1.63,0.00014676858929812367,0.7474,835,,,,,,,,,
843,1.63,0.0001465601111883252,0.7581,836,,,,,,,,,
844,1.63,0.00014635163307852674,0.771,837,,,,,,,,,
845,1.63,0.00014614315496872825,0.7196,838,,,,,,,,,
846,1.63,0.0001459346768589298,0.761,839,,,,,,,,,
847,1.64,0.00014572619874913132,0.7371,840,,,,,,,,,
848,1.64,0.00014551772063933286,0.7588,841,,,,,,,,,
849,1.64,0.0001453092425295344,0.7505,842,,,,,,,,,
850,1.64,0.00014510076441973593,0.7426,843,,,,,,,,,
851,1.64,0.00014489228630993744,0.6899,844,,,,,,,,,
852,1.64,0.00014468380820013897,0.7123,845,,,,,,,,,
853,1.65,0.0001444753300903405,0.7728,846,,,,,,,,,
854,1.65,0.00014426685198054201,0.732,847,,,,,,,,,
855,1.65,0.00014405837387074355,0.7414,848,,,,,,,,,
856,1.65,0.00014384989576094509,0.7709,849,,,,,,,,,
857,1.65,0.00014364141765114662,0.7659,850,,,,,,,,,
858,1.66,0.00014343293954134816,0.7357,851,,,,,,,,,
859,1.66,0.0001432244614315497,0.7618,852,,,,,,,,,
860,1.66,0.0001430159833217512,0.7629,853,,,,,,,,,
861,1.66,0.00014280750521195273,0.7308,854,,,,,,,,,
862,1.66,0.00014259902710215427,0.7767,855,,,,,,,,,
863,1.67,0.00014239054899235578,0.7549,856,,,,,,,,,
864,1.67,0.0001421820708825573,0.7405,857,,,,,,,,,
865,1.67,0.00014197359277275885,0.6869,858,,,,,,,,,
866,1.67,0.00014176511466296038,0.7405,859,,,,,,,,,
867,1.67,0.00014155663655316192,0.7445,860,,,,,,,,,
868,1.68,0.00014134815844336345,0.7221,861,,,,,,,,,
869,1.68,0.00014113968033356496,0.7347,862,,,,,,,,,
870,1.68,0.0001409312022237665,0.7276,863,,,,,,,,,
871,1.68,0.00014072272411396803,0.7411,864,,,,,,,,,
872,1.68,0.00014051424600416954,0.752,865,,,,,,,,,
873,1.69,0.00014030576789437107,0.7505,866,,,,,,,,,
874,1.69,0.0001400972897845726,0.7044,867,,,,,,,,,
875,1.69,0.00013988881167477412,0.7599,868,,,,,,,,,
876,1.69,0.00013968033356497565,0.7316,869,,,,,,,,,
877,1.69,0.0001394718554551772,0.773,870,,,,,,,,,
878,1.7,0.00013926337734537872,0.722,871,,,,,,,,,
879,1.7,0.00013905489923558026,0.7635,872,,,,,,,,,
880,1.7,0.0001388464211257818,0.7629,873,,,,,,,,,
881,1.7,0.0001386379430159833,0.706,874,,,,,,,,,
882,1.7,0.00013842946490618484,0.6983,875,,,,,,,,,
883,1.71,0.00013822098679638637,0.7907,876,,,,,,,,,
884,1.71,0.00013801250868658788,0.7427,877,,,,,,,,,
885,1.71,0.00013780403057678942,0.7449,878,,,,,,,,,
886,1.71,0.00013759555246699095,0.7289,879,,,,,,,,,
887,1.71,0.00013738707435719249,0.7275,880,,,,,,,,,
888,1.71,0.00013717859624739402,0.7619,881,,,,,,,,,
889,1.72,0.00013697011813759556,0.7004,882,,,,,,,,,
890,1.72,0.00013676164002779706,0.7614,883,,,,,,,,,
891,1.72,0.0001365531619179986,0.7817,884,,,,,,,,,
892,1.72,0.00013634468380820014,0.7542,885,,,,,,,,,
893,1.72,0.00013613620569840164,0.7222,886,,,,,,,,,
894,1.73,0.00013592772758860318,0.7546,887,,,,,,,,,
895,1.73,0.0001357192494788047,0.7651,888,,,,,,,,,
896,1.73,0.00013551077136900625,0.7047,889,,,,,,,,,
897,1.73,0.00013530229325920778,0.757,890,,,,,,,,,
898,1.73,0.00013509381514940932,0.7801,891,,,,,,,,,
899,1.74,0.00013488533703961083,0.6901,892,,,,,,,,,
900,1.74,0.00013467685892981236,0.7218,893,,,,,,,,,
901,1.74,0.0001344683808200139,0.7705,894,,,,,,,,,
902,1.74,0.0001342599027102154,0.7528,895,,,,,,,,,
903,1.74,0.00013405142460041694,0.7191,896,,,,,,,,,
904,1.75,0.00013384294649061848,0.78,897,,,,,,,,,
905,1.75,0.00013363446838082,0.7162,898,,,,,,,,,
906,1.75,0.00013342599027102152,0.7324,899,,,,,,,,,
907,1.75,0.00013321751216122305,0.7391,900,,,,,,,,,
908,1.75,,,900,0.7502018809318542,1065.2223,6.859,1.715,,,,,
909,1.75,0.0001330090340514246,0.7724,901,,,,,,,,,
910,1.76,0.00013280055594162612,0.7253,902,,,,,,,,,
911,1.76,0.00013259207783182766,0.7166,903,,,,,,,,,
912,1.76,0.00013238359972202917,0.7839,904,,,,,,,,,
913,1.76,0.0001321751216122307,0.7088,905,,,,,,,,,
914,1.76,0.00013196664350243224,0.7534,906,,,,,,,,,
915,1.77,0.00013175816539263375,0.7286,907,,,,,,,,,
916,1.77,0.00013154968728283528,0.7471,908,,,,,,,,,
917,1.77,0.00013134120917303682,0.681,909,,,,,,,,,
918,1.77,0.00013113273106323835,0.7606,910,,,,,,,,,
919,1.77,0.0001309242529534399,0.7391,911,,,,,,,,,
920,1.78,0.00013071577484364142,0.728,912,,,,,,,,,
921,1.78,0.00013050729673384293,0.7037,913,,,,,,,,,
922,1.78,0.00013029881862404447,0.7373,914,,,,,,,,,
923,1.78,0.000130090340514246,0.7636,915,,,,,,,,,
924,1.78,0.0001298818624044475,0.7534,916,,,,,,,,,
925,1.79,0.00012967338429464904,0.7376,917,,,,,,,,,
926,1.79,0.00012946490618485058,0.7622,918,,,,,,,,,
927,1.79,0.00012925642807505211,0.6865,919,,,,,,,,,
928,1.79,0.00012904794996525365,0.7434,920,,,,,,,,,
929,1.79,0.00012883947185545518,0.7526,921,,,,,,,,,
930,1.79,0.0001286309937456567,0.7349,922,,,,,,,,,
931,1.8,0.00012842251563585823,0.7236,923,,,,,,,,,
932,1.8,0.00012821403752605976,0.7022,924,,,,,,,,,
933,1.8,0.00012800555941626127,0.8096,925,,,,,,,,,
934,1.8,0.0001277970813064628,0.6833,926,,,,,,,,,
935,1.8,0.00012758860319666434,0.7243,927,,,,,,,,,
936,1.81,0.00012738012508686588,0.756,928,,,,,,,,,
937,1.81,0.00012717164697706739,0.7404,929,,,,,,,,,
938,1.81,0.00012696316886726892,0.7334,930,,,,,,,,,
939,1.81,0.00012675469075747046,0.7258,931,,,,,,,,,
940,1.81,0.000126546212647672,0.7362,932,,,,,,,,,
941,1.82,0.00012633773453787353,0.7481,933,,,,,,,,,
942,1.82,0.00012612925642807503,0.743,934,,,,,,,,,
943,1.82,0.00012592077831827657,0.7265,935,,,,,,,,,
944,1.82,0.0001257123002084781,0.7385,936,,,,,,,,,
945,1.82,0.0001255038220986796,0.7331,937,,,,,,,,,
946,1.83,0.00012529534398888115,0.7352,938,,,,,,,,,
947,1.83,0.00012508686587908268,0.6981,939,,,,,,,,,
948,1.83,0.00012487838776928422,0.72,940,,,,,,,,,
949,1.83,0.00012466990965948575,0.7226,941,,,,,,,,,
950,1.83,0.0001244614315496873,0.6987,942,,,,,,,,,
951,1.84,0.0001242529534398888,0.7314,943,,,,,,,,,
952,1.84,0.00012404447533009033,0.7377,944,,,,,,,,,
953,1.84,0.00012383599722029187,0.7583,945,,,,,,,,,
954,1.84,0.00012362751911049337,0.7597,946,,,,,,,,,
955,1.84,0.0001234190410006949,0.7649,947,,,,,,,,,
956,1.85,0.00012321056289089645,0.7279,948,,,,,,,,,
957,1.85,0.00012300208478109798,0.7379,949,,,,,,,,,
958,1.85,0.00012279360667129952,0.7328,950,,,,,,,,,
959,1.85,0.00012258512856150105,0.7268,951,,,,,,,,,
960,1.85,0.00012237665045170256,0.722,952,,,,,,,,,
961,1.86,0.0001221681723419041,0.6896,953,,,,,,,,,
962,1.86,0.00012195969423210563,0.7229,954,,,,,,,,,
963,1.86,0.00012175121612230714,0.7302,955,,,,,,,,,
964,1.86,0.00012154273801250867,0.6797,956,,,,,,,,,
965,1.86,0.00012133425990271021,0.7574,957,,,,,,,,,
966,1.86,0.00012112578179291173,0.6889,958,,,,,,,,,
967,1.87,0.00012091730368311326,0.6785,959,,,,,,,,,
968,1.87,0.0001207088255733148,0.7562,960,,,,,,,,,
969,1.87,0.00012050034746351632,0.7121,961,,,,,,,,,
970,1.87,0.00012029186935371786,0.7593,962,,,,,,,,,
971,1.87,0.00012008339124391939,0.7527,963,,,,,,,,,
972,1.88,0.0001198749131341209,0.7052,964,,,,,,,,,
973,1.88,0.00011966643502432243,0.7062,965,,,,,,,,,
974,1.88,0.00011945795691452397,0.7488,966,,,,,,,,,
975,1.88,0.00011924947880472549,0.7162,967,,,,,,,,,
976,1.88,0.00011904100069492703,0.735,968,,,,,,,,,
977,1.89,0.00011883252258512856,0.7169,969,,,,,,,,,
978,1.89,0.00011862404447533007,0.6916,970,,,,,,,,,
979,1.89,0.0001184155663655316,0.7467,971,,,,,,,,,
980,1.89,0.00011820708825573314,0.7033,972,,,,,,,,,
981,1.89,0.00011799861014593466,0.7223,973,,,,,,,,,
982,1.9,0.0001177901320361362,0.7506,974,,,,,,,,,
983,1.9,0.00011758165392633773,0.6951,975,,,,,,,,,
984,1.9,0.00011737317581653925,0.7596,976,,,,,,,,,
985,1.9,0.00011716469770674079,0.744,977,,,,,,,,,
986,1.9,0.00011695621959694232,0.7157,978,,,,,,,,,
987,1.91,0.00011674774148714383,0.7369,979,,,,,,,,,
988,1.91,0.00011653926337734537,0.7212,980,,,,,,,,,
989,1.91,0.0001163307852675469,0.7032,981,,,,,,,,,
990,1.91,0.00011612230715774842,0.7217,982,,,,,,,,,
991,1.91,0.00011591382904794996,0.7165,983,,,,,,,,,
992,1.92,0.0001157053509381515,0.6875,984,,,,,,,,,
993,1.92,0.000115496872828353,0.757,985,,,,,,,,,
994,1.92,0.00011528839471855454,0.7421,986,,,,,,,,,
995,1.92,0.00011507991660875607,0.7095,987,,,,,,,,,
996,1.92,0.0001148714384989576,0.7217,988,,,,,,,,,
997,1.93,0.00011466296038915913,0.7353,989,,,,,,,,,
998,1.93,0.00011445448227936067,0.7298,990,,,,,,,,,
999,1.93,0.00011424600416956219,0.6821,991,,,,,,,,,
1000,1.93,0.00011403752605976372,0.7056,992,,,,,,,,,
1001,1.93,0.00011382904794996526,0.7245,993,,,,,,,,,
1002,1.93,0.00011362056984016677,0.7354,994,,,,,,,,,
1003,1.94,0.0001134120917303683,0.7384,995,,,,,,,,,
1004,1.94,0.00011320361362056984,0.7185,996,,,,,,,,,
1005,1.94,0.00011299513551077136,0.7587,997,,,,,,,,,
1006,1.94,0.00011278665740097289,0.7156,998,,,,,,,,,
1007,1.94,0.00011257817929117443,0.7495,999,,,,,,,,,
1008,1.95,0.00011236970118137595,0.6968,1000,,,,,,,,,
1009,1.95,,,1000,0.7370179891586304,1061.6031,6.882,1.721,,,,,
1010,1.95,0.00011216122307157747,0.7231,1001,,,,,,,,,
1011,1.95,0.00011195274496177899,0.6884,1002,,,,,,,,,
1012,1.95,0.00011174426685198053,0.7174,1003,,,,,,,,,
1013,1.95,0.00011153578874218206,0.7402,1004,,,,,,,,,
1014,1.96,0.00011132731063238358,0.6683,1005,,,,,,,,,
1015,1.96,0.00011111883252258512,0.7076,1006,,,,,,,,,
1016,1.96,0.00011091035441278666,0.7112,1007,,,,,,,,,
1017,1.96,0.00011070187630298816,0.6974,1008,,,,,,,,,
1018,1.96,0.0001104933981931897,0.7378,1009,,,,,,,,,
1019,1.97,0.00011028492008339123,0.7116,1010,,,,,,,,,
1020,1.97,0.00011007644197359276,0.7334,1011,,,,,,,,,
1021,1.97,0.00010986796386379429,0.708,1012,,,,,,,,,
1022,1.97,0.00010965948575399583,0.7478,1013,,,,,,,,,
1023,1.97,0.00010945100764419735,0.7041,1014,,,,,,,,,
1024,1.98,0.00010924252953439888,0.7304,1015,,,,,,,,,
1025,1.98,0.0001090340514246004,0.7089,1016,,,,,,,,,
1026,1.98,0.00010882557331480193,0.7244,1017,,,,,,,,,
1027,1.98,0.00010861709520500346,0.7081,1018,,,,,,,,,
1028,1.98,0.000108408617095205,0.7201,1019,,,,,,,,,
1029,1.99,0.00010820013898540652,0.7274,1020,,,,,,,,,
1030,1.99,0.00010799166087560805,0.687,1021,,,,,,,,,
1031,1.99,0.00010778318276580959,0.721,1022,,,,,,,,,
1032,1.99,0.0001075747046560111,0.7104,1023,,,,,,,,,
1033,1.99,0.00010736622654621263,0.703,1024,,,,,,,,,
1034,2.0,0.00010715774843641417,0.7296,1025,,,,,,,,,
1035,2.0,0.00010694927032661569,0.6853,1026,,,,,,,,,
1036,2.0,0.00010674079221681722,0.7101,1027,,,,,,,,,
1037,2.0,0.00010653231410701876,0.7048,1028,,,,,,,,,
1038,2.0,0.00010632383599722028,0.712,1029,,,,,,,,,
1039,2.0,0.00010611535788742182,0.6832,1030,,,,,,,,,
1040,2.01,0.00010590687977762334,0.7234,1031,,,,,,,,,
1041,2.01,0.00010569840166782486,0.6508,1032,,,,,,,,,
1042,2.01,0.0001054899235580264,0.6848,1033,,,,,,,,,
1043,2.01,0.00010528144544822793,0.7038,1034,,,,,,,,,
1044,2.01,0.00010507296733842945,0.6974,1035,,,,,,,,,
1045,2.02,0.00010486448922863099,0.7491,1036,,,,,,,,,
1046,2.02,0.00010465601111883252,0.7006,1037,,,,,,,,,
1047,2.02,0.00010444753300903403,0.6714,1038,,,,,,,,,
1048,2.02,0.00010423905489923556,0.6416,1039,,,,,,,,,
1049,2.02,0.0001040305767894371,0.7017,1040,,,,,,,,,
1050,2.03,0.00010382209867963862,0.7258,1041,,,,,,,,,
1051,2.03,0.00010361362056984016,0.6872,1042,,,,,,,,,
1052,2.03,0.00010340514246004169,0.6963,1043,,,,,,,,,
1053,2.03,0.00010319666435024321,0.6894,1044,,,,,,,,,
1054,2.03,0.00010298818624044475,0.6978,1045,,,,,,,,,
1055,2.04,0.00010277970813064627,0.6955,1046,,,,,,,,,
1056,2.04,0.00010257123002084779,0.67,1047,,,,,,,,,
1057,2.04,0.00010236275191104933,0.683,1048,,,,,,,,,
1058,2.04,0.00010215427380125086,0.6823,1049,,,,,,,,,
1059,2.04,0.00010194579569145238,0.66,1050,,,,,,,,,
1060,2.05,0.00010173731758165392,0.7453,1051,,,,,,,,,
1061,2.05,0.00010152883947185545,0.7285,1052,,,,,,,,,
1062,2.05,0.00010132036136205696,0.6393,1053,,,,,,,,,
1063,2.05,0.0001011118832522585,0.6996,1054,,,,,,,,,
1064,2.05,0.00010090340514246003,0.7188,1055,,,,,,,,,
1065,2.06,0.00010069492703266155,0.693,1056,,,,,,,,,
1066,2.06,0.00010048644892286309,0.6887,1057,,,,,,,,,
1067,2.06,0.00010027797081306462,0.7186,1058,,,,,,,,,
1068,2.06,0.00010006949270326615,0.653,1059,,,,,,,,,
1069,2.06,9.986101459346768e-05,0.7017,1060,,,,,,,,,
1070,2.07,9.96525364836692e-05,0.6344,1061,,,,,,,,,
1071,2.07,9.944405837387072e-05,0.6818,1062,,,,,,,,,
1072,2.07,9.923558026407226e-05,0.6446,1063,,,,,,,,,
1073,2.07,9.90271021542738e-05,0.7001,1064,,,,,,,,,
1074,2.07,9.881862404447532e-05,0.7184,1065,,,,,,,,,
1075,2.08,9.861014593467685e-05,0.722,1066,,,,,,,,,
1076,2.08,9.840166782487839e-05,0.728,1067,,,,,,,,,
1077,2.08,9.81931897150799e-05,0.6848,1068,,,,,,,,,
1078,2.08,9.798471160528143e-05,0.7067,1069,,,,,,,,,
1079,2.08,9.777623349548297e-05,0.6934,1070,,,,,,,,,
1080,2.08,9.756775538568449e-05,0.7101,1071,,,,,,,,,
1081,2.09,9.735927727588602e-05,0.7003,1072,,,,,,,,,
1082,2.09,9.715079916608756e-05,0.7675,1073,,,,,,,,,
1083,2.09,9.694232105628908e-05,0.7185,1074,,,,,,,,,
1084,2.09,9.673384294649061e-05,0.6598,1075,,,,,,,,,
1085,2.09,9.652536483669215e-05,0.7104,1076,,,,,,,,,
1086,2.1,9.631688672689366e-05,0.6694,1077,,,,,,,,,
1087,2.1,9.610840861709519e-05,0.6842,1078,,,,,,,,,
1088,2.1,9.589993050729673e-05,0.7318,1079,,,,,,,,,
1089,2.1,9.569145239749825e-05,0.6752,1080,,,,,,,,,
1090,2.1,9.548297428769978e-05,0.6806,1081,,,,,,,,,
1091,2.11,9.527449617790132e-05,0.6603,1082,,,,,,,,,
1092,2.11,9.506601806810283e-05,0.6592,1083,,,,,,,,,
1093,2.11,9.485753995830436e-05,0.7128,1084,,,,,,,,,
1094,2.11,9.46490618485059e-05,0.6717,1085,,,,,,,,,
1095,2.11,9.444058373870742e-05,0.6945,1086,,,,,,,,,
1096,2.12,9.423210562890896e-05,0.7488,1087,,,,,,,,,
1097,2.12,9.402362751911049e-05,0.6731,1088,,,,,,,,,
1098,2.12,9.381514940931201e-05,0.7144,1089,,,,,,,,,
1099,2.12,9.360667129951355e-05,0.6861,1090,,,,,,,,,
1100,2.12,9.339819318971508e-05,0.6494,1091,,,,,,,,,
1101,2.13,9.318971507991659e-05,0.6697,1092,,,,,,,,,
1102,2.13,9.298123697011813e-05,0.6814,1093,,,,,,,,,
1103,2.13,9.277275886031966e-05,0.6667,1094,,,,,,,,,
1104,2.13,9.256428075052118e-05,0.7173,1095,,,,,,,,,
1105,2.13,9.235580264072272e-05,0.7268,1096,,,,,,,,,
1106,2.14,9.214732453092425e-05,0.7325,1097,,,,,,,,,
1107,2.14,9.193884642112576e-05,0.696,1098,,,,,,,,,
1108,2.14,9.17303683113273e-05,0.6578,1099,,,,,,,,,
1109,2.14,9.152189020152883e-05,0.7182,1100,,,,,,,,,
1110,2.14,,,1100,0.7269139885902405,1066.0599,6.853,1.714,,,,,
1111,2.14,9.131341209173035e-05,0.6862,1101,,,,,,,,,
1112,2.15,9.110493398193189e-05,0.698,1102,,,,,,,,,
1113,2.15,9.089645587213342e-05,0.6963,1103,,,,,,,,,
1114,2.15,9.068797776233494e-05,0.6645,1104,,,,,,,,,
1115,2.15,9.047949965253648e-05,0.7201,1105,,,,,,,,,
1116,2.15,9.027102154273802e-05,0.6556,1106,,,,,,,,,
1117,2.15,9.006254343293952e-05,0.6954,1107,,,,,,,,,
1118,2.16,8.985406532314106e-05,0.7184,1108,,,,,,,,,
1119,2.16,8.96455872133426e-05,0.6962,1109,,,,,,,,,
1120,2.16,8.943710910354412e-05,0.7464,1110,,,,,,,,,
1121,2.16,8.922863099374565e-05,0.7042,1111,,,,,,,,,
1122,2.16,8.902015288394719e-05,0.7203,1112,,,,,,,,,
1123,2.17,8.88116747741487e-05,0.7017,1113,,,,,,,,,
1124,2.17,8.860319666435023e-05,0.6642,1114,,,,,,,,,
1125,2.17,8.839471855455176e-05,0.6647,1115,,,,,,,,,
1126,2.17,8.818624044475329e-05,0.6457,1116,,,,,,,,,
1127,2.17,8.797776233495482e-05,0.7292,1117,,,,,,,,,
1128,2.18,8.776928422515636e-05,0.7118,1118,,,,,,,,,
1129,2.18,8.756080611535788e-05,0.7251,1119,,,,,,,,,
1130,2.18,8.735232800555941e-05,0.6675,1120,,,,,,,,,
1131,2.18,8.714384989576095e-05,0.7164,1121,,,,,,,,,
1132,2.18,8.693537178596246e-05,0.666,1122,,,,,,,,,
1133,2.19,8.672689367616399e-05,0.724,1123,,,,,,,,,
1134,2.19,8.651841556636553e-05,0.6932,1124,,,,,,,,,
1135,2.19,8.630993745656705e-05,0.6935,1125,,,,,,,,,
1136,2.19,8.610145934676858e-05,0.724,1126,,,,,,,,,
1137,2.19,8.589298123697012e-05,0.6898,1127,,,,,,,,,
1138,2.2,8.568450312717163e-05,0.693,1128,,,,,,,,,
1139,2.2,8.547602501737316e-05,0.6772,1129,,,,,,,,,
1140,2.2,8.52675469075747e-05,0.6687,1130,,,,,,,,,
1141,2.2,8.505906879777622e-05,0.6994,1131,,,,,,,,,
1142,2.2,8.485059068797775e-05,0.6885,1132,,,,,,,,,
1143,2.21,8.464211257817929e-05,0.7208,1133,,,,,,,,,
1144,2.21,8.443363446838081e-05,0.6535,1134,,,,,,,,,
1145,2.21,8.422515635858235e-05,0.6795,1135,,,,,,,,,
1146,2.21,8.401667824878388e-05,0.6963,1136,,,,,,,,,
1147,2.21,8.380820013898539e-05,0.6673,1137,,,,,,,,,
1148,2.22,8.359972202918692e-05,0.6891,1138,,,,,,,,,
1149,2.22,8.339124391938846e-05,0.6446,1139,,,,,,,,,
1150,2.22,8.318276580958998e-05,0.692,1140,,,,,,,,,
1151,2.22,8.297428769979152e-05,0.6974,1141,,,,,,,,,
1152,2.22,8.276580958999305e-05,0.6976,1142,,,,,,,,,
1153,2.22,8.255733148019456e-05,0.6607,1143,,,,,,,,,
1154,2.23,8.23488533703961e-05,0.7038,1144,,,,,,,,,
1155,2.23,8.214037526059763e-05,0.6936,1145,,,,,,,,,
1156,2.23,8.193189715079915e-05,0.7178,1146,,,,,,,,,
1157,2.23,8.172341904100069e-05,0.7101,1147,,,,,,,,,
1158,2.23,8.151494093120222e-05,0.6835,1148,,,,,,,,,
1159,2.24,8.130646282140374e-05,0.6993,1149,,,,,,,,,
1160,2.24,8.109798471160528e-05,0.6981,1150,,,,,,,,,
1161,2.24,8.088950660180681e-05,0.6928,1151,,,,,,,,,
1162,2.24,8.068102849200832e-05,0.6682,1152,,,,,,,,,
1163,2.24,8.047255038220986e-05,0.6686,1153,,,,,,,,,
1164,2.25,8.026407227241139e-05,0.692,1154,,,,,,,,,
1165,2.25,8.005559416261291e-05,0.6856,1155,,,,,,,,,
1166,2.25,7.984711605281445e-05,0.6882,1156,,,,,,,,,
1167,2.25,7.963863794301598e-05,0.7009,1157,,,,,,,,,
1168,2.25,7.943015983321749e-05,0.7117,1158,,,,,,,,,
1169,2.26,7.922168172341903e-05,0.7056,1159,,,,,,,,,
1170,2.26,7.901320361362056e-05,0.6979,1160,,,,,,,,,
1171,2.26,7.880472550382208e-05,0.7014,1161,,,,,,,,,
1172,2.26,7.859624739402362e-05,0.6901,1162,,,,,,,,,
1173,2.26,7.838776928422516e-05,0.69,1163,,,,,,,,,
1174,2.27,7.817929117442668e-05,0.6973,1164,,,,,,,,,
1175,2.27,7.797081306462821e-05,0.7174,1165,,,,,,,,,
1176,2.27,7.776233495482975e-05,0.7179,1166,,,,,,,,,
1177,2.27,7.755385684503126e-05,0.6662,1167,,,,,,,,,
1178,2.27,7.734537873523279e-05,0.6775,1168,,,,,,,,,
1179,2.28,7.713690062543433e-05,0.6526,1169,,,,,,,,,
1180,2.28,7.692842251563585e-05,0.7012,1170,,,,,,,,,
1181,2.28,7.671994440583738e-05,0.6963,1171,,,,,,,,,
1182,2.28,7.651146629603892e-05,0.7389,1172,,,,,,,,,
1183,2.28,7.630298818624044e-05,0.7022,1173,,,,,,,,,
1184,2.29,7.609451007644196e-05,0.6705,1174,,,,,,,,,
1185,2.29,7.58860319666435e-05,0.7136,1175,,,,,,,,,
1186,2.29,7.567755385684502e-05,0.7214,1176,,,,,,,,,
1187,2.29,7.546907574704655e-05,0.6916,1177,,,,,,,,,
1188,2.29,7.526059763724809e-05,0.6335,1178,,,,,,,,,
1189,2.3,7.505211952744961e-05,0.7151,1179,,,,,,,,,
1190,2.3,7.484364141765114e-05,0.6786,1180,,,,,,,,,
1191,2.3,7.463516330785267e-05,0.679,1181,,,,,,,,,
1192,2.3,7.44266851980542e-05,0.6493,1182,,,,,,,,,
1193,2.3,7.421820708825572e-05,0.6674,1183,,,,,,,,,
1194,2.3,7.400972897845726e-05,0.655,1184,,,,,,,,,
1195,2.31,7.38012508686588e-05,0.7009,1185,,,,,,,,,
1196,2.31,7.359277275886032e-05,0.6356,1186,,,,,,,,,
1197,2.31,7.338429464906184e-05,0.6508,1187,,,,,,,,,
1198,2.31,7.317581653926337e-05,0.679,1188,,,,,,,,,
1199,2.31,7.29673384294649e-05,0.6481,1189,,,,,,,,,
1200,2.32,7.275886031966643e-05,0.6726,1190,,,,,,,,,
1201,2.32,7.255038220986796e-05,0.6903,1191,,,,,,,,,
1202,2.32,7.234190410006949e-05,0.6693,1192,,,,,,,,,
1203,2.32,7.213342599027101e-05,0.7027,1193,,,,,,,,,
1204,2.32,7.192494788047254e-05,0.6312,1194,,,,,,,,,
1205,2.33,7.171646977067408e-05,0.6575,1195,,,,,,,,,
1206,2.33,7.15079916608756e-05,0.6945,1196,,,,,,,,,
1207,2.33,7.129951355107713e-05,0.6911,1197,,,,,,,,,
1208,2.33,7.109103544127866e-05,0.6828,1198,,,,,,,,,
1209,2.33,7.088255733148019e-05,0.69,1199,,,,,,,,,
1210,2.34,7.067407922168173e-05,0.6394,1200,,,,,,,,,
1211,2.34,,,1200,0.7167932391166687,1067.4846,6.844,1.712,,,,,
1212,2.34,7.046560111188325e-05,0.6837,1201,,,,,,,,,
1213,2.34,7.025712300208477e-05,0.6453,1202,,,,,,,,,
1214,2.34,7.00486448922863e-05,0.6427,1203,,,,,,,,,
1215,2.35,6.984016678248783e-05,0.6681,1204,,,,,,,,,
1216,2.35,6.963168867268936e-05,0.6518,1205,,,,,,,,,
1217,2.35,6.94232105628909e-05,0.6721,1206,,,,,,,,,
1218,2.35,6.921473245309242e-05,0.6919,1207,,,,,,,,,
1219,2.35,6.900625434329394e-05,0.6835,1208,,,,,,,,,
1220,2.36,6.879777623349548e-05,0.6868,1209,,,,,,,,,
1221,2.36,6.858929812369701e-05,0.6739,1210,,,,,,,,,
1222,2.36,6.838082001389853e-05,0.6792,1211,,,,,,,,,
1223,2.36,6.817234190410007e-05,0.6593,1212,,,,,,,,,
1224,2.36,6.796386379430159e-05,0.6772,1213,,,,,,,,,
1225,2.37,6.775538568450312e-05,0.6858,1214,,,,,,,,,
1226,2.37,6.754690757470466e-05,0.7107,1215,,,,,,,,,
1227,2.37,6.733842946490618e-05,0.6481,1216,,,,,,,,,
1228,2.37,6.71299513551077e-05,0.6822,1217,,,,,,,,,
1229,2.37,6.692147324530924e-05,0.6768,1218,,,,,,,,,
1230,2.38,6.671299513551076e-05,0.6799,1219,,,,,,,,,
1231,2.38,6.65045170257123e-05,0.712,1220,,,,,,,,,
1232,2.38,6.629603891591383e-05,0.6563,1221,,,,,,,,,
1233,2.38,6.608756080611535e-05,0.7229,1222,,,,,,,,,
1234,2.38,6.587908269631687e-05,0.6895,1223,,,,,,,,,
1235,2.39,6.567060458651841e-05,0.6692,1224,,,,,,,,,
1236,2.39,6.546212647671994e-05,0.6578,1225,,,,,,,,,
1237,2.39,6.525364836692147e-05,0.6659,1226,,,,,,,,,
1238,2.39,6.5045170257123e-05,0.6575,1227,,,,,,,,,
1239,2.39,6.483669214732452e-05,0.6839,1228,,,,,,,,,
1240,2.4,6.462821403752606e-05,0.6841,1229,,,,,,,,,
1241,2.4,6.441973592772759e-05,0.7026,1230,,,,,,,,,
1242,2.4,6.421125781792911e-05,0.6757,1231,,,,,,,,,
1243,2.4,6.400277970813064e-05,0.6676,1232,,,,,,,,,
1244,2.4,6.379430159833217e-05,0.6668,1233,,,,,,,,,
1245,2.4,6.358582348853369e-05,0.6842,1234,,,,,,,,,
1246,2.41,6.337734537873523e-05,0.6869,1235,,,,,,,,,
1247,2.41,6.316886726893676e-05,0.7375,1236,,,,,,,,,
1248,2.41,6.296038915913828e-05,0.6878,1237,,,,,,,,,
1249,2.41,6.27519110493398e-05,0.6679,1238,,,,,,,,,
1250,2.41,6.254343293954134e-05,0.6591,1239,,,,,,,,,
1251,2.42,6.233495482974288e-05,0.6561,1240,,,,,,,,,
1252,2.42,6.21264767199444e-05,0.6991,1241,,,,,,,,,
1253,2.42,6.191799861014593e-05,0.6993,1242,,,,,,,,,
1254,2.42,6.170952050034746e-05,0.6771,1243,,,,,,,,,
1255,2.42,6.150104239054899e-05,0.6305,1244,,,,,,,,,
1256,2.43,6.129256428075053e-05,0.6559,1245,,,,,,,,,
1257,2.43,6.108408617095205e-05,0.634,1246,,,,,,,,,
1258,2.43,6.087560806115357e-05,0.6543,1247,,,,,,,,,
1259,2.43,6.0667129951355104e-05,0.7257,1248,,,,,,,,,
1260,2.43,6.045865184155663e-05,0.6274,1249,,,,,,,,,
1261,2.44,6.025017373175816e-05,0.6746,1250,,,,,,,,,
1262,2.44,6.0041695621959696e-05,0.6759,1251,,,,,,,,,
1263,2.44,5.983321751216122e-05,0.6644,1252,,,,,,,,,
1264,2.44,5.9624739402362746e-05,0.6766,1253,,,,,,,,,
1265,2.44,5.941626129256428e-05,0.6559,1254,,,,,,,,,
1266,2.45,5.92077831827658e-05,0.6834,1255,,,,,,,,,
1267,2.45,5.899930507296733e-05,0.6873,1256,,,,,,,,,
1268,2.45,5.8790826963168866e-05,0.6693,1257,,,,,,,,,
1269,2.45,5.8582348853370395e-05,0.6435,1258,,,,,,,,,
1270,2.45,5.8373870743571916e-05,0.6727,1259,,,,,,,,,
1271,2.46,5.816539263377345e-05,0.7071,1260,,,,,,,,,
1272,2.46,5.795691452397498e-05,0.6845,1261,,,,,,,,,
1273,2.46,5.77484364141765e-05,0.6474,1262,,,,,,,,,
1274,2.46,5.753995830437804e-05,0.6927,1263,,,,,,,,,
1275,2.46,5.7331480194579565e-05,0.7031,1264,,,,,,,,,
1276,2.47,5.7123002084781094e-05,0.6871,1265,,,,,,,,,
1277,2.47,5.691452397498263e-05,0.6738,1266,,,,,,,,,
1278,2.47,5.670604586518415e-05,0.7199,1267,,,,,,,,,
1279,2.47,5.649756775538568e-05,0.6402,1268,,,,,,,,,
1280,2.47,5.6289089645587214e-05,0.6434,1269,,,,,,,,,
1281,2.47,5.6080611535788736e-05,0.6738,1270,,,,,,,,,
1282,2.48,5.5872133425990264e-05,0.6527,1271,,,,,,,,,
1283,2.48,5.566365531619179e-05,0.6131,1272,,,,,,,,,
1284,2.48,5.545517720639333e-05,0.675,1273,,,,,,,,,
1285,2.48,5.524669909659485e-05,0.7204,1274,,,,,,,,,
1286,2.48,5.503822098679638e-05,0.6828,1275,,,,,,,,,
1287,2.49,5.482974287699791e-05,0.6612,1276,,,,,,,,,
1288,2.49,5.462126476719944e-05,0.7128,1277,,,,,,,,,
1289,2.49,5.441278665740096e-05,0.685,1278,,,,,,,,,
1290,2.49,5.42043085476025e-05,0.6835,1279,,,,,,,,,
1291,2.49,5.3995830437804027e-05,0.6703,1280,,,,,,,,,
1292,2.5,5.378735232800555e-05,0.7091,1281,,,,,,,,,
1293,2.5,5.357887421820708e-05,0.6252,1282,,,,,,,,,
1294,2.5,5.337039610840861e-05,0.6382,1283,,,,,,,,,
1295,2.5,5.316191799861014e-05,0.6669,1284,,,,,,,,,
1296,2.5,5.295343988881167e-05,0.6867,1285,,,,,,,,,
1297,2.51,5.27449617790132e-05,0.6543,1286,,,,,,,,,
1298,2.51,5.2536483669214725e-05,0.6626,1287,,,,,,,,,
1299,2.51,5.232800555941626e-05,0.6302,1288,,,,,,,,,
1300,2.51,5.211952744961778e-05,0.6739,1289,,,,,,,,,
1301,2.51,5.191104933981931e-05,0.5968,1290,,,,,,,,,
1302,2.52,5.1702571230020846e-05,0.6816,1291,,,,,,,,,
1303,2.52,5.1494093120222374e-05,0.6377,1292,,,,,,,,,
1304,2.52,5.1285615010423896e-05,0.6603,1293,,,,,,,,,
1305,2.52,5.107713690062543e-05,0.6782,1294,,,,,,,,,
1306,2.52,5.086865879082696e-05,0.6567,1295,,,,,,,,,
1307,2.53,5.066018068102848e-05,0.6874,1296,,,,,,,,,
1308,2.53,5.0451702571230016e-05,0.6388,1297,,,,,,,,,
1309,2.53,5.0243224461431545e-05,0.635,1298,,,,,,,,,
1310,2.53,5.003474635163307e-05,0.6567,1299,,,,,,,,,
1311,2.53,4.98262682418346e-05,0.6586,1300,,,,,,,,,
1312,2.53,,,1300,0.7093662619590759,1030.0585,7.093,1.774,,,,,
1313,2.54,4.961779013203613e-05,0.6655,1301,,,,,,,,,
1314,2.54,4.940931202223766e-05,0.6615,1302,,,,,,,,,
1315,2.54,4.9200833912439194e-05,0.6231,1303,,,,,,,,,
1316,2.54,4.8992355802640715e-05,0.67,1304,,,,,,,,,
1317,2.54,4.8783877692842244e-05,0.6817,1305,,,,,,,,,
1318,2.55,4.857539958304378e-05,0.6471,1306,,,,,,,,,
1319,2.55,4.836692147324531e-05,0.6844,1307,,,,,,,,,
1320,2.55,4.815844336344683e-05,0.6318,1308,,,,,,,,,
1321,2.55,4.7949965253648364e-05,0.6885,1309,,,,,,,,,
1322,2.55,4.774148714384989e-05,0.6817,1310,,,,,,,,,
1323,2.55,4.7533009034051414e-05,0.6776,1311,,,,,,,,,
1324,2.56,4.732453092425295e-05,0.6631,1312,,,,,,,,,
1325,2.56,4.711605281445448e-05,0.6365,1313,,,,,,,,,
1326,2.56,4.6907574704656006e-05,0.7047,1314,,,,,,,,,
1327,2.56,4.669909659485754e-05,0.688,1315,,,,,,,,,
1328,2.56,4.649061848505906e-05,0.6795,1316,,,,,,,,,
1329,2.57,4.628214037526059e-05,0.6146,1317,,,,,,,,,
1330,2.57,4.6073662265462126e-05,0.6551,1318,,,,,,,,,
1331,2.57,4.586518415566365e-05,0.6272,1319,,,,,,,,,
1332,2.57,4.5656706045865176e-05,0.6546,1320,,,,,,,,,
1333,2.57,4.544822793606671e-05,0.6443,1321,,,,,,,,,
1334,2.58,4.523974982626824e-05,0.6819,1322,,,,,,,,,
1335,2.58,4.503127171646976e-05,0.7088,1323,,,,,,,,,
1336,2.58,4.48227936066713e-05,0.664,1324,,,,,,,,,
1337,2.58,4.4614315496872825e-05,0.6406,1325,,,,,,,,,
1338,2.58,4.440583738707435e-05,0.6453,1326,,,,,,,,,
1339,2.59,4.419735927727588e-05,0.7014,1327,,,,,,,,,
1340,2.59,4.398888116747741e-05,0.6654,1328,,,,,,,,,
1341,2.59,4.378040305767894e-05,0.6616,1329,,,,,,,,,
1342,2.59,4.3571924947880474e-05,0.6479,1330,,,,,,,,,
1343,2.59,4.3363446838081996e-05,0.653,1331,,,,,,,,,
1344,2.6,4.3154968728283524e-05,0.6175,1332,,,,,,,,,
1345,2.6,4.294649061848506e-05,0.6693,1333,,,,,,,,,
1346,2.6,4.273801250868658e-05,0.669,1334,,,,,,,,,
1347,2.6,4.252953439888811e-05,0.63,1335,,,,,,,,,
1348,2.6,4.2321056289089645e-05,0.6928,1336,,,,,,,,,
1349,2.61,4.211257817929117e-05,0.6537,1337,,,,,,,,,
1350,2.61,4.1904100069492695e-05,0.7012,1338,,,,,,,,,
1351,2.61,4.169562195969423e-05,0.6253,1339,,,,,,,,,
1352,2.61,4.148714384989576e-05,0.7168,1340,,,,,,,,,
1353,2.61,4.127866574009728e-05,0.6283,1341,,,,,,,,,
1354,2.62,4.1070187630298815e-05,0.6884,1342,,,,,,,,,
1355,2.62,4.0861709520500343e-05,0.6497,1343,,,,,,,,,
1356,2.62,4.065323141070187e-05,0.6718,1344,,,,,,,,,
1357,2.62,4.044475330090341e-05,0.6624,1345,,,,,,,,,
1358,2.62,4.023627519110493e-05,0.7148,1346,,,,,,,,,
1359,2.62,4.002779708130646e-05,0.6367,1347,,,,,,,,,
1360,2.63,3.981931897150799e-05,0.6311,1348,,,,,,,,,
1361,2.63,3.9610840861709514e-05,0.6291,1349,,,,,,,,,
1362,2.63,3.940236275191104e-05,0.673,1350,,,,,,,,,
1363,2.63,3.919388464211258e-05,0.6834,1351,,,,,,,,,
1364,2.63,3.8985406532314106e-05,0.6818,1352,,,,,,,,,
1365,2.64,3.877692842251563e-05,0.6452,1353,,,,,,,,,
1366,2.64,3.856845031271716e-05,0.674,1354,,,,,,,,,
1367,2.64,3.835997220291869e-05,0.6947,1355,,,,,,,,,
1368,2.64,3.815149409312022e-05,0.688,1356,,,,,,,,,
1369,2.64,3.794301598332175e-05,0.6721,1357,,,,,,,,,
1370,2.65,3.7734537873523276e-05,0.6641,1358,,,,,,,,,
1371,2.65,3.7526059763724805e-05,0.6798,1359,,,,,,,,,
1372,2.65,3.731758165392633e-05,0.6886,1360,,,,,,,,,
1373,2.65,3.710910354412786e-05,0.6483,1361,,,,,,,,,
1374,2.65,3.69006254343294e-05,0.6779,1362,,,,,,,,,
1375,2.66,3.669214732453092e-05,0.6958,1363,,,,,,,,,
1376,2.66,3.648366921473245e-05,0.6445,1364,,,,,,,,,
1377,2.66,3.627519110493398e-05,0.6541,1365,,,,,,,,,
1378,2.66,3.6066712995135504e-05,0.6454,1366,,,,,,,,,
1379,2.66,3.585823488533704e-05,0.6849,1367,,,,,,,,,
1380,2.67,3.564975677553857e-05,0.6752,1368,,,,,,,,,
1381,2.67,3.5441278665740096e-05,0.6898,1369,,,,,,,,,
1382,2.67,3.5232800555941624e-05,0.6592,1370,,,,,,,,,
1383,2.67,3.502432244614315e-05,0.6541,1371,,,,,,,,,
1384,2.67,3.481584433634468e-05,0.7134,1372,,,,,,,,,
1385,2.68,3.460736622654621e-05,0.6962,1373,,,,,,,,,
1386,2.68,3.439888811674774e-05,0.6373,1374,,,,,,,,,
1387,2.68,3.4190410006949266e-05,0.6325,1375,,,,,,,,,
1388,2.68,3.3981931897150795e-05,0.6909,1376,,,,,,,,,
1389,2.68,3.377345378735233e-05,0.6151,1377,,,,,,,,,
1390,2.69,3.356497567755385e-05,0.6685,1378,,,,,,,,,
1391,2.69,3.335649756775538e-05,0.6581,1379,,,,,,,,,
1392,2.69,3.3148019457956915e-05,0.6713,1380,,,,,,,,,
1393,2.69,3.293954134815844e-05,0.6919,1381,,,,,,,,,
1394,2.69,3.273106323835997e-05,0.6529,1382,,,,,,,,,
1395,2.69,3.25225851285615e-05,0.6091,1383,,,,,,,,,
1396,2.7,3.231410701876303e-05,0.6768,1384,,,,,,,,,
1397,2.7,3.210562890896456e-05,0.6674,1385,,,,,,,,,
1398,2.7,3.1897150799166085e-05,0.6595,1386,,,,,,,,,
1399,2.7,3.1688672689367614e-05,0.7141,1387,,,,,,,,,
1400,2.7,3.148019457956914e-05,0.6879,1388,,,,,,,,,
1401,2.71,3.127171646977067e-05,0.6482,1389,,,,,,,,,
1402,2.71,3.10632383599722e-05,0.6462,1390,,,,,,,,,
1403,2.71,3.085476025017373e-05,0.6743,1391,,,,,,,,,
1404,2.71,3.064628214037526e-05,0.7009,1392,,,,,,,,,
1405,2.71,3.0437804030576784e-05,0.698,1393,,,,,,,,,
1406,2.72,3.0229325920778316e-05,0.6783,1394,,,,,,,,,
1407,2.72,3.0020847810979848e-05,0.6692,1395,,,,,,,,,
1408,2.72,2.9812369701181373e-05,0.6425,1396,,,,,,,,,
1409,2.72,2.96038915913829e-05,0.6582,1397,,,,,,,,,
1410,2.72,2.9395413481584433e-05,0.6469,1398,,,,,,,,,
1411,2.73,2.9186935371785958e-05,0.6771,1399,,,,,,,,,
1412,2.73,2.897845726198749e-05,0.676,1400,,,,,,,,,
1413,2.73,,,1400,0.7037585973739624,1026.5142,7.117,1.78,,,,,
1414,2.73,2.876997915218902e-05,0.6729,1401,,,,,,,,,
1415,2.73,2.8561501042390547e-05,0.7008,1402,,,,,,,,,
1416,2.73,2.8353022932592075e-05,0.626,1403,,,,,,,,,
1417,2.74,2.8144544822793607e-05,0.7019,1404,,,,,,,,,
1418,2.74,2.7936066712995132e-05,0.6134,1405,,,,,,,,,
1419,2.74,2.7727588603196664e-05,0.6537,1406,,,,,,,,,
1420,2.74,2.751911049339819e-05,0.6554,1407,,,,,,,,,
1421,2.74,2.731063238359972e-05,0.6804,1408,,,,,,,,,
1422,2.75,2.710215427380125e-05,0.6626,1409,,,,,,,,,
1423,2.75,2.6893676164002774e-05,0.6334,1410,,,,,,,,,
1424,2.75,2.6685198054204306e-05,0.6756,1411,,,,,,,,,
1425,2.75,2.6476719944405834e-05,0.6387,1412,,,,,,,,,
1426,2.75,2.6268241834607363e-05,0.7045,1413,,,,,,,,,
1427,2.76,2.605976372480889e-05,0.653,1414,,,,,,,,,
1428,2.76,2.5851285615010423e-05,0.6845,1415,,,,,,,,,
1429,2.76,2.5642807505211948e-05,0.6648,1416,,,,,,,,,
1430,2.76,2.543432939541348e-05,0.6599,1417,,,,,,,,,
1431,2.76,2.5225851285615008e-05,0.654,1418,,,,,,,,,
1432,2.77,2.5017373175816537e-05,0.6357,1419,,,,,,,,,
1433,2.77,2.4808895066018065e-05,0.689,1420,,,,,,,,,
1434,2.77,2.4600416956219597e-05,0.6721,1421,,,,,,,,,
1435,2.77,2.4391938846421122e-05,0.6511,1422,,,,,,,,,
1436,2.77,2.4183460736622654e-05,0.6629,1423,,,,,,,,,
1437,2.77,2.3974982626824182e-05,0.6756,1424,,,,,,,,,
1438,2.78,2.3766504517025707e-05,0.6422,1425,,,,,,,,,
1439,2.78,2.355802640722724e-05,0.688,1426,,,,,,,,,
1440,2.78,2.334954829742877e-05,0.7079,1427,,,,,,,,,
1441,2.78,2.3141070187630296e-05,0.6718,1428,,,,,,,,,
1442,2.78,2.2932592077831824e-05,0.6565,1429,,,,,,,,,
1443,2.79,2.2724113968033356e-05,0.6396,1430,,,,,,,,,
1444,2.79,2.251563585823488e-05,0.6576,1431,,,,,,,,,
1445,2.79,2.2307157748436413e-05,0.6288,1432,,,,,,,,,
1446,2.79,2.209867963863794e-05,0.6681,1433,,,,,,,,,
1447,2.79,2.189020152883947e-05,0.6701,1434,,,,,,,,,
1448,2.8,2.1681723419040998e-05,0.6601,1435,,,,,,,,,
1449,2.8,2.147324530924253e-05,0.6854,1436,,,,,,,,,
1450,2.8,2.1264767199444055e-05,0.6481,1437,,,,,,,,,
1451,2.8,2.1056289089645587e-05,0.6753,1438,,,,,,,,,
1452,2.8,2.0847810979847115e-05,0.6318,1439,,,,,,,,,
1453,2.81,2.063933287004864e-05,0.6112,1440,,,,,,,,,
1454,2.81,2.0430854760250172e-05,0.6335,1441,,,,,,,,,
1455,2.81,2.0222376650451704e-05,0.6438,1442,,,,,,,,,
1456,2.81,2.001389854065323e-05,0.6486,1443,,,,,,,,,
1457,2.81,1.9805420430854757e-05,0.6832,1444,,,,,,,,,
1458,2.82,1.959694232105629e-05,0.6471,1445,,,,,,,,,
1459,2.82,1.9388464211257814e-05,0.6399,1446,,,,,,,,,
1460,2.82,1.9179986101459346e-05,0.6716,1447,,,,,,,,,
1461,2.82,1.8971507991660874e-05,0.68,1448,,,,,,,,,
1462,2.82,1.8763029881862402e-05,0.6555,1449,,,,,,,,,
1463,2.83,1.855455177206393e-05,0.6582,1450,,,,,,,,,
1464,2.83,1.834607366226546e-05,0.634,1451,,,,,,,,,
1465,2.83,1.813759555246699e-05,0.6929,1452,,,,,,,,,
1466,2.83,1.792911744266852e-05,0.6858,1453,,,,,,,,,
1467,2.83,1.7720639332870048e-05,0.6231,1454,,,,,,,,,
1468,2.84,1.7512161223071576e-05,0.6411,1455,,,,,,,,,
1469,2.84,1.7303683113273105e-05,0.6518,1456,,,,,,,,,
1470,2.84,1.7095205003474633e-05,0.6425,1457,,,,,,,,,
1471,2.84,1.6886726893676165e-05,0.6469,1458,,,,,,,,,
1472,2.84,1.667824878387769e-05,0.6426,1459,,,,,,,,,
1473,2.84,1.646977067407922e-05,0.671,1460,,,,,,,,,
1474,2.85,1.626129256428075e-05,0.6567,1461,,,,,,,,,
1475,2.85,1.605281445448228e-05,0.6793,1462,,,,,,,,,
1476,2.85,1.5844336344683807e-05,0.6489,1463,,,,,,,,,
1477,2.85,1.5635858234885335e-05,0.6774,1464,,,,,,,,,
1478,2.85,1.5427380125086864e-05,0.6234,1465,,,,,,,,,
1479,2.86,1.5218902015288392e-05,0.6677,1466,,,,,,,,,
1480,2.86,1.5010423905489924e-05,0.6704,1467,,,,,,,,,
1481,2.86,1.480194579569145e-05,0.6888,1468,,,,,,,,,
1482,2.86,1.4593467685892979e-05,0.6599,1469,,,,,,,,,
1483,2.86,1.438498957609451e-05,0.672,1470,,,,,,,,,
1484,2.87,1.4176511466296038e-05,0.6395,1471,,,,,,,,,
1485,2.87,1.3968033356497566e-05,0.6929,1472,,,,,,,,,
1486,2.87,1.3759555246699094e-05,0.635,1473,,,,,,,,,
1487,2.87,1.3551077136900625e-05,0.679,1474,,,,,,,,,
1488,2.87,1.3342599027102153e-05,0.6245,1475,,,,,,,,,
1489,2.88,1.3134120917303681e-05,0.6364,1476,,,,,,,,,
1490,2.88,1.2925642807505211e-05,0.6258,1477,,,,,,,,,
1491,2.88,1.271716469770674e-05,0.6232,1478,,,,,,,,,
1492,2.88,1.2508686587908268e-05,0.6531,1479,,,,,,,,,
1493,2.88,1.2300208478109798e-05,0.6315,1480,,,,,,,,,
1494,2.89,1.2091730368311327e-05,0.6854,1481,,,,,,,,,
1495,2.89,1.1883252258512854e-05,0.6791,1482,,,,,,,,,
1496,2.89,1.1674774148714385e-05,0.665,1483,,,,,,,,,
1497,2.89,1.1466296038915912e-05,0.7353,1484,,,,,,,,,
1498,2.89,1.125781792911744e-05,0.683,1485,,,,,,,,,
1499,2.9,1.104933981931897e-05,0.6889,1486,,,,,,,,,
1500,2.9,1.0840861709520499e-05,0.6389,1487,,,,,,,,,
1501,2.9,1.0632383599722027e-05,0.6814,1488,,,,,,,,,
1502,2.9,1.0423905489923557e-05,0.677,1489,,,,,,,,,
1503,2.9,1.0215427380125086e-05,0.6476,1490,,,,,,,,,
1504,2.91,1.0006949270326614e-05,0.6558,1491,,,,,,,,,
1505,2.91,9.798471160528144e-06,0.6002,1492,,,,,,,,,
1506,2.91,9.589993050729673e-06,0.6272,1493,,,,,,,,,
1507,2.91,9.381514940931201e-06,0.6304,1494,,,,,,,,,
1508,2.91,9.17303683113273e-06,0.665,1495,,,,,,,,,
1509,2.91,8.96455872133426e-06,0.6896,1496,,,,,,,,,
1510,2.92,8.756080611535788e-06,0.717,1497,,,,,,,,,
1511,2.92,8.547602501737317e-06,0.6677,1498,,,,,,,,,
1512,2.92,8.339124391938845e-06,0.661,1499,,,,,,,,,
1513,2.92,8.130646282140375e-06,0.6394,1500,,,,,,,,,
1514,2.92,,,1500,0.7006362080574036,1028.8218,7.101,1.776,,,,,
1515,2.92,7.922168172341903e-06,0.664,1501,,,,,,,,,
1516,2.93,7.713690062543432e-06,0.6771,1502,,,,,,,,,
1517,2.93,7.505211952744962e-06,0.6646,1503,,,,,,,,,
1518,2.93,7.2967338429464895e-06,0.6443,1504,,,,,,,,,
1519,2.93,7.088255733148019e-06,0.6338,1505,,,,,,,,,
1520,2.93,6.879777623349547e-06,0.6682,1506,,,,,,,,,
1521,2.94,6.6712995135510765e-06,0.6562,1507,,,,,,,,,
1522,2.94,6.462821403752606e-06,0.6759,1508,,,,,,,,,
1523,2.94,6.254343293954134e-06,0.6316,1509,,,,,,,,,
1524,2.94,6.045865184155663e-06,0.6735,1510,,,,,,,,,
1525,2.94,5.837387074357193e-06,0.6584,1511,,,,,,,,,
1526,2.95,5.62890896455872e-06,0.6415,1512,,,,,,,,,
1527,2.95,5.4204308547602495e-06,0.661,1513,,,,,,,,,
1528,2.95,5.211952744961779e-06,0.6669,1514,,,,,,,,,
1529,2.95,5.003474635163307e-06,0.6395,1515,,,,,,,,,
1530,2.95,4.794996525364836e-06,0.6339,1516,,,,,,,,,
1531,2.96,4.586518415566365e-06,0.6311,1517,,,,,,,,,
1532,2.96,4.378040305767894e-06,0.6732,1518,,,,,,,,,
1533,2.96,4.1695621959694225e-06,0.6467,1519,,,,,,,,,
1534,2.96,3.961084086170952e-06,0.6707,1520,,,,,,,,,
1535,2.96,3.752605976372481e-06,0.622,1521,,,,,,,,,
1536,2.97,3.5441278665740094e-06,0.6131,1522,,,,,,,,,
1537,2.97,3.3356497567755382e-06,0.6701,1523,,,,,,,,,
1538,2.97,3.127171646977067e-06,0.661,1524,,,,,,,,,
1539,2.97,2.9186935371785963e-06,0.72,1525,,,,,,,,,
1540,2.97,2.7102154273801247e-06,0.6738,1526,,,,,,,,,
1541,2.98,2.5017373175816536e-06,0.6363,1527,,,,,,,,,
1542,2.98,2.2932592077831824e-06,0.6405,1528,,,,,,,,,
1543,2.98,2.0847810979847112e-06,0.6453,1529,,,,,,,,,
1544,2.98,1.8763029881862405e-06,0.65,1530,,,,,,,,,
1545,2.98,1.6678248783877691e-06,0.6593,1531,,,,,,,,,
1546,2.98,1.4593467685892982e-06,0.665,1532,,,,,,,,,
1547,2.99,1.2508686587908268e-06,0.6409,1533,,,,,,,,,
1548,2.99,1.0423905489923556e-06,0.6579,1534,,,,,,,,,
1549,2.99,8.339124391938846e-07,0.6435,1535,,,,,,,,,
1550,2.99,6.254343293954134e-07,0.6457,1536,,,,,,,,,
1551,2.99,4.169562195969423e-07,0.6573,1537,,,,,,,,,
1552,3.0,2.0847810979847114e-07,0.6757,1538,,,,,,,,,
1553,3.0,0.0,0.7009,1539,,,,,,,,,
1554,3.0,,,1539,,,,,31630.4882,6.237,0.049,7.774481859385098e+18,0.14639411761127097
